{"current":{"icon_stroke_width":2,"section_vertical_spacing":"xs","default_color_scheme":"scheme-1","modal_color_scheme":"scheme-83a87ca6-727b-4e27-b84e-789b7e57b35b","product_rating_color":"#d0e1d2","product_on_sale_accent":"#44250b","product_sold_out_badge_background":"#44250b","product_custom_badge_background":"#42240b","success_color":"#44250b","warning_color":"#7d431e","error_color":"#d0e1d2","heading_font":"montserrat_n5","heading_letter_spacing":0,"text_font":"futura_n4","text_font_size_mobile":14,"text_font_size_desktop":14,"button_letter_spacing":0,"currency_code_enabled":false,"show_button_transition":false,"show_image_zoom_on_hover":false,"stagger_products_apparition":false,"stagger_menu_apparition":false,"product_image_aspect_ratio":"natural","show_vendor":false,"product_title_max_lines":0,"product_card_text_font":"heading","product_color_display":"swatch","show_product_rating":false,"show_quick_buy":false,"show_sold_out_badge":true,"show_discount":true,"cart_type":"drawer","cart_icon":"shopping_bag_sharp","cart_show_free_shipping_bar":true,"cart_free_shipping_threshold":"5","social_instagram":"https:\/\/www.instagram.com\/odoba_the_brand\/","favicon":"shopify:\/\/shop_images\/0B3E5E7F-1462-466E-A880-E7E234EB34AC.png","sections":{"header":{"type":"header","blocks":{"673d1ca4-6d23-4713-9f36-aa8a18d1bdcd":{"type":"mega_menu","settings":{}},"272ce675-9d83-41a9-863e-0832b7e51480":{"type":"mega_menu","settings":{}},"d967e4f8-0c70-4523-9542-9e5faee6c9e8":{"type":"mega_menu","settings":{}}},"block_order":["673d1ca4-6d23-4713-9f36-aa8a18d1bdcd","272ce675-9d83-41a9-863e-0832b7e51480","d967e4f8-0c70-4523-9542-9e5faee6c9e8"],"settings":{"logo":"shopify:\/\/shop_images\/Odoba---Logotype---Brown-01.png","logo_max_width":100,"show_icons":true,"show_country_selector":false,"show_locale_selector":false,"transparent_logo":"shopify:\/\/shop_images\/Odoba---Logotype---Cream.png"}},"footer":{"type":"footer","blocks":{"footer-0":{"type":"text","settings":{"title":"","content":""}},"footer-1":{"type":"links","settings":{"menu":"footer-2023"}},"footer-2":{"type":"newsletter","settings":{"title":"Subscribe","content":""}}},"block_order":["footer-0","footer-1","footer-2"],"settings":{"show_country_selector":true,"show_locale_selector":false}}},"content_for_index":[],"blocks":{"6986766168588894248":{"type":"shopify:\/\/apps\/preorder-now-wolf\/blocks\/app-embed\/7ee1d740-e67b-4ea8-b0c9-1f62cb8777ec","disabled":false,"settings":{}},"8764476057892802672":{"type":"shopify:\/\/apps\/restock-rocket\/blocks\/main\/4bb73be2-b7c2-4870-949f-c528145452a3","disabled":true,"settings":{}},"15683396631634586217":{"type":"shopify:\/\/apps\/inbox\/blocks\/chat\/841fc607-4181-4ad1-842d-e24d7f8bad6b","disabled":true,"settings":{"button_color":"#000000","secondary_color":"#ffffff","ternary_color":"#6a6a6a","button_icon":"chat_bubble","button_text":"chat_with_us","button_horizontal_position":"bottom_right","button_vertical_position":"lowest","greeting_message":""}},"17824471530847535147":{"type":"shopify:\/\/apps\/web-accessibility-by-accessibe\/blocks\/accessiBe\/149b77a2-0170-42f6-9355-0bef39587b09","disabled":false,"settings":{}},"3838990611052461119":{"type":"shopify:\/\/apps\/customer-accounts-hub\/blocks\/app-embed\/0fb3ba0b-4c65-4919-a85a-48bc2d368e9c","disabled":false,"settings":{"account_primary_page":"","main_element":"","custom_element":"","page_element":"","proxy_element":"","mount_json_code":""}},"13655089695959051254":{"type":"shopify:\/\/apps\/wishlist-king\/blocks\/code-access\/194f5011-a43c-4b22-b12e-eaf20dc4506a","disabled":false,"settings":{"version":"main"}},"4139971114690857691":{"type":"shopify:\/\/apps\/wishlist-king\/blocks\/wishlist-button-collection\/194f5011-a43c-4b22-b12e-eaf20dc4506a","disabled":false,"settings":{"button_style":"plain_accent_1","button_placement":"top-end","button_offset_horizontal":0,"button_offset_vertical":0,"button_background_opacity":85,"button_background_size":34,"button_background_border_radius":24,"button_border_width":1,"show_shadow":false,"icon_size":18,"icon_stroke_width":1,"app_integration_preset":"none","product_link_selector":"","floating_reference_js":""}},"3915993389370480168":{"type":"shopify:\/\/apps\/wishlist-king\/blocks\/wishlist-link-floating\/194f5011-a43c-4b22-b12e-eaf20dc4506a","disabled":true,"settings":{"button_style":"solid_accent_1","button_mode":"always_show","button_position":"bottom-end","button_offset_horizontal":10,"button_offset_vertical":20,"button_size":56,"button_border_width":2,"button_border_radius":40,"show_shadow":true,"icon_size":24,"icon_stroke_width":2,"counter_style":"outline_accent_1","counter_mode":"always_show","counter_position":"bottom-end","counter_offset_vertical":-5,"counter_offset_horizontal":0,"counter_size":16,"counter_border_width":1}},"17772089793659017505":{"type":"shopify:\/\/apps\/securityking\/blocks\/security-app-embed\/4d2757ed-33ad-4e94-a186-da550756ae46","disabled":true,"settings":{}},"14197025361042770389":{"type":"shopify:\/\/apps\/wishlist-king\/blocks\/app-settings-main\/194f5011-a43c-4b22-b12e-eaf20dc4506a","disabled":false,"settings":{"theme_preset":"prestige","color_accent_1":"#42240b","color_accent_2":"#feecb8","color_solid_button_label":"#ffffff","color_outline_button_label":"#42240b","color_background_1":"#ffffff","color_background_2":"#ffffff","color_text":"#42240b","button_min_height":45,"button_border_width":1,"button_border_radius":0,"input_min_height":45,"input_border_width":1,"input_border_radius":0,"shadow_opacity":15,"shadow_horizontal_offset":0,"shadow_vertical_offset":2,"shadow_blur":4,"font_text_scale":100,"access_mode":"UNRESTRICTED","wishlist_mode":"VARIANT","wishlist_path":"\/apps\/wishlist","money_show_currency_code":true}},"6680288666557934739":{"type":"shopify:\/\/apps\/wishlist-king\/blocks\/wishlist-page\/194f5011-a43c-4b22-b12e-eaf20dc4506a","disabled":false,"settings":{"column_width":"lg","wishlist_empty_link":"shopify:\/\/collections\/all","page_max_width":1200,"page_padding_top":30,"page_padding_bottom":80,"show_share_button":true,"show_buy_all_button":true,"show_clear_wishlist_button":true,"add_to_cart_remove_from_wishlist":true,"remove_button_style":"icon","product_options":"swatches","cta_button":"add_to_cart","cta_button_style":"outline_accent_2","alignment":"right","image_aspect_ratio":"1\/1","image_object_fit":"contain","show_vendor":false,"show_product_title":true,"show_price":true,"show_variant_input_label":false}}},"color_schemes":{"scheme-1":{"settings":{"background":"#ffffff","background_gradient":"","text_color":"#44250b","primary_button_background":"#ffffff","primary_button_text_color":"#44250b","circle_button_background":"#44250b","circle_button_icon":"#ffffff"}},"scheme-2":{"settings":{"background":"#ffffff","background_gradient":"","text_color":"#44250b","primary_button_background":"#ffffff","primary_button_text_color":"#44250b","circle_button_background":"#44250b","circle_button_icon":"#ffffff"}},"scheme-3":{"settings":{"background":"#44250b","background_gradient":"","text_color":"#fdfaf4","primary_button_background":"#44250b","primary_button_text_color":"#fdfaf4","circle_button_background":"#fdfaf4","circle_button_icon":"#44250b"}},"scheme-4":{"settings":{"background":"#e1e9eb","background_gradient":"","text_color":"#7d431e","primary_button_background":"#e1e9eb","primary_button_text_color":"#7d431e","circle_button_background":"#fdfaf4","circle_button_icon":"#42240b"}},"scheme-a148d179-9d90-4566-86fe-0c008217e3a0":{"settings":{"background":"#feecb8","background_gradient":"","text_color":"#44250b","primary_button_background":"#feecb8","primary_button_text_color":"#44250b","circle_button_background":"#7d431e","circle_button_icon":"#ffb727"}},"scheme-ae220975-7a0f-4eb4-9b70-600dac492ea0":{"settings":{"background":"#42240b","background_gradient":"","text_color":"#fdfaf4","primary_button_background":"#42240b","primary_button_text_color":"#fdfaf4","circle_button_background":"#e1e9eb","circle_button_icon":"#42240b"}},"scheme-83a87ca6-727b-4e27-b84e-789b7e57b35b":{"settings":{"background":"#fdfaf4","background_gradient":"","text_color":"#44250b","primary_button_background":"#fdfaf4","primary_button_text_color":"#44250b","circle_button_background":"#44250b","circle_button_icon":"#fdfaf4"}},"scheme-67245717-b17b-47c9-8915-d4bc6e7c6fb3":{"settings":{"background":"rgba(0,0,0,0)","background_gradient":"","text_color":"#fdfaf4","primary_button_background":"rgba(0,0,0,0)","primary_button_text_color":"#fdfaf4","circle_button_background":"rgba(0,0,0,0)","circle_button_icon":"#ffffff"}},"scheme-79d1c7f5-d08d-47f4-993d-11451f3f115c":{"settings":{"background":"#ffffff","background_gradient":"linear-gradient(0deg, rgba(125, 67, 30, 1), rgba(253, 250, 244, 1) 100%, rgba(225, 233, 235, 1) 100%)","text_color":"{{ shop.brand.colors.primary[0].foreground }}","primary_button_background":"#ffffff","primary_button_text_color":"{{ shop.brand.colors.primary[0].foreground }}","circle_button_background":"#44250b","circle_button_icon":"{{ shop.brand.colors.primary[0].foreground }}"}}}},"presets":{"Allure":{"section_vertical_spacing":"md","heading_font":"instrument_sans_n4","heading_letter_spacing":18,"text_font":"nunito_n4","text_font_size_desktop":14,"button_letter_spacing":18,"color_schemes":{"scheme-1":{"settings":{"background":"#efefef","text_color":"#1c1c1c","primary_button_background":"#1c1c1c","primary_button_text_color":"#ffffff","circle_button_background":"#ffffff","circle_button_icon":"#1c1c1c"}},"scheme-2":{"settings":{"background":"#ffffff","text_color":"#1c1c1c","primary_button_background":"#1c1c1c","primary_button_text_color":"#ffffff","circle_button_background":"#ffffff","circle_button_icon":"#1c1c1c"}},"scheme-3":{"settings":{"background":"#1c1c1c","text_color":"#ffffff","primary_button_background":"#ffffff","primary_button_text_color":"#1c1c1c","circle_button_background":"#ffffff","circle_button_icon":"#1c1c1c"}},"scheme-4":{"settings":{"background":"rgba(0,0,0,0)","text_color":"#ffffff","primary_button_background":"#ffffff","primary_button_text_color":"#1c1c1c","circle_button_background":"#ffffff","circle_button_icon":"#1c1c1c"}}},"success_color":"#307a07","warning_color":"#ed8a00","error_color":"#cb2b2b","product_rating_color":"#1c1c1c","product_on_sale_accent":"#e32c2b","product_sold_out_badge_background":"#efefef","product_custom_badge_background":"#1c1c1c"},"Couture":{"section_vertical_spacing":"md","heading_font":"jost_n4","heading_letter_spacing":18,"text_font":"poppins_n4","text_font_size_desktop":14,"button_letter_spacing":18,"color_schemes":{"scheme-1":{"settings":{"background":"#ffffff","text_color":"#5c5c5c","primary_button_background":"#5c5c5c","primary_button_text_color":"#ffffff","circle_button_background":"#ffffff","circle_button_icon":"#1c1c1c"}},"scheme-2":{"settings":{"background":"#f3f3f3","text_color":"#5c5c5c","primary_button_background":"#5c5c5c","primary_button_text_color":"#ffffff","circle_button_background":"#ffffff","circle_button_icon":"#5c5c5c"}},"scheme-3":{"settings":{"background":"#1c1c1c","text_color":"#ffffff","primary_button_background":"#ffffff","primary_button_text_color":"#1c1c1c","circle_button_background":"#ffffff","circle_button_icon":"#1c1c1c"}},"scheme-4":{"settings":{"background":"rgba(0,0,0,0)","text_color":"#ffffff","primary_button_background":"#ffffff","primary_button_text_color":"#1c1c1c","circle_button_background":"#ffffff","circle_button_icon":"#1c1c1c"}}},"success_color":"#307a07","warning_color":"#ed8a00","error_color":"#cb2b2b","product_rating_color":"#1c1c1c","product_on_sale_accent":"#e32c2b","product_sold_out_badge_background":"#efefef","product_custom_badge_background":"#1c1c1c"},"Vogue":{"section_vertical_spacing":"xs","heading_font":"jost_n4","heading_letter_spacing":18,"text_font":"jost_n4","text_font_size_desktop":14,"button_letter_spacing":18,"color_schemes":{"scheme-1":{"settings":{"background":"#ffffff","text_color":"#303030","primary_button_background":"#f5db8b","primary_button_text_color":"#303030","circle_button_background":"#1c1c1c","circle_button_icon":"#f5db8b"}},"scheme-2":{"settings":{"background":"#ffffff","text_color":"#303030","primary_button_background":"#f5db8b","primary_button_text_color":"#303030","circle_button_background":"#1c1c1c","circle_button_icon":"#f5db8b"}},"scheme-3":{"settings":{"background":"#1c1c1c","text_color":"#ffffff","primary_button_background":"#ffffff","primary_button_text_color":"#1c1c1c","circle_button_background":"#ffffff","circle_button_icon":"#1c1c1c"}},"scheme-4":{"settings":{"background":"rgba(0,0,0,0)","text_color":"#ffffff","primary_button_background":"#ffffff","primary_button_text_color":"#1c1c1c","circle_button_background":"#ffffff","circle_button_icon":"#1c1c1c"}}},"success_color":"#307a07","warning_color":"#ed8a00","error_color":"#cb2b2b","product_rating_color":"#1c1c1c","product_on_sale_accent":"#e32c2b","product_sold_out_badge_background":"#efefef","product_custom_badge_background":"#1c1c1c"}},"platform_customizations":{"custom_css":[]}}