{"sections":{"main":{"type":"main-article","settings":{"color_scheme":"","show_image":true,"enable_parallax":true,"image_size":"medium","content_width":"xs","show_date":true,"show_category":false,"show_author":false,"show_share_buttons":true,"show_sticky_bar":true,"toolbar_color_scheme":""}},"prev-next-blog-posts":{"type":"prev-next-blog-posts","settings":{"color_scheme":"scheme-3","separate_section_with_border":false,"subheading":"","title":"Read more","show_category":true,"show_excerpt":true,"show_read_more":true}},"image_with_text_overlay_zVif7J":{"type":"image-with-text-overlay","settings":{"color_scheme":"scheme-a148d179-9d90-4566-86fe-0c008217e3a0","image_size":"xs","image":"shopify:\/\/shop_images\/odoba-square-1.jpg","allow_transparent_header":false,"reveal_on_scroll":true,"remove_vertical_spacing":true,"content_width":"md","mobile_text_position":"place-self-center text-center","desktop_text_position":"sm:place-self-center sm:text-center","overlay_color":"#44250b","overlay_opacity":30}}},"order":["main","prev-next-blog-posts","image_with_text_overlay_zVif7J"]}