{"sections":{"image_with_text_overlay_3jaH3h":{"type":"image-with-text-overlay","blocks":{"heading_WyNe7N":{"type":"heading","settings":{"text":"STORIES","heading_tag":"h2"}}},"block_order":["heading_WyNe7N"],"disabled":true,"settings":{"color_scheme":"scheme-a148d179-9d90-4566-86fe-0c008217e3a0","image_size":"xs","image":"shopify:\/\/shop_images\/1_fca47261-b0c9-4824-86f8-d9bc3edd5cd7.png","allow_transparent_header":false,"reveal_on_scroll":true,"remove_vertical_spacing":true,"content_width":"md","mobile_text_position":"place-self-center text-center","desktop_text_position":"sm:place-self-center sm:text-center","overlay_color":"#44250b","overlay_opacity":0}},"main":{"type":"main-blog","custom_css":[".Link--underline {letter-spacing: 1em;}"],"settings":{"color_scheme":"","show_blog_title":true,"show_rss_feed":false,"show_tags":false,"posts_per_page":10,"feature_first_blog_post":false,"featured_blog_post_color_scheme":"","show_category":true,"show_excerpt":true,"show_read_more":true}},"image_with_text_overlay_E8yDHN":{"type":"image-with-text-overlay","settings":{"color_scheme":"scheme-a148d179-9d90-4566-86fe-0c008217e3a0","image_size":"xs","image":"shopify:\/\/shop_images\/7D76DE87-C0A7-4345-8C42-6B9C7E5E4ABD.jpg","allow_transparent_header":false,"reveal_on_scroll":false,"remove_vertical_spacing":true,"content_width":"md","mobile_text_position":"place-self-center text-center","desktop_text_position":"sm:place-self-center sm:text-center","overlay_color":"#44250b","overlay_opacity":30}}},"order":["image_with_text_overlay_3jaH3h","main","image_with_text_overlay_E8yDHN"]}