{"sections":{"main":{"type":"main-cart","blocks":{"planet_shopify_planet_H7pi4p":{"type":"shopify:\/\/apps\/planet\/blocks\/shopify-planet\/12047591-3a2d-45cc-9dfd-2ce5eaa45dee","settings":{"badgeMode":"info","showLogo":true,"showStats":false,"showProjects":true,"backgroundColor":"#fffbf3","textColor":"#44250b","borderColor":"#44250b","fullWidth":true,"marginTop":0,"marginBottom":0,"borderRadius":4}}},"block_order":["planet_shopify_planet_H7pi4p"],"settings":{"color_scheme":"","show_cart_note":true,"show_order_weight":true,"show_shipping_text":true,"show_accelerated_buttons":false,"show_shipping_estimator":true}}},"order":["main"]}