{"sections":{"collection-banner":{"type":"collection-banner","settings":{"color_scheme":"scheme-1","image_size":"auto","allow_transparent_header":true,"reveal":false,"enable_parallax":false,"show_image":false,"show_collection_title":true,"show_collection_description":false,"show_breadcrumb":false,"content_width":"xs","overlay_color":"#42240b","overlay_opacity":0}},"6685cdaf-e534-4c17-af86-243247db2685":{"type":"collection-list","blocks":{"9a6c50a6-2e96-4649-a4d1-c7962356ea26":{"type":"collection","settings":{"color_scheme":"scheme-1","collection":"evangeline","image":"shopify:\/\/shop_images\/7_cabeac3b-5b11-4878-ab46-e5f3fc7e0e9e.svg","expand_collection":false,"content_position":"place-self-end-start text-start","subheading":"The Evangeline","title":"","button_text":"","button_link":"","button_style":"solid","overlay_color":"#000000","overlay_opacity":0}},"template--16449598488735__6685cdaf-e534-4c17-af86-243247db2685-collection-2":{"type":"collection","settings":{"color_scheme":"scheme-1","collection":"the-little-evangeline","image":"shopify:\/\/shop_images\/4_fb579222-5c98-4881-b9d1-37cda1a6fd83.svg","expand_collection":false,"content_position":"place-self-end-start text-start","subheading":"The Little Evangeline","title":"","button_text":"","button_link":"","button_style":"solid","overlay_color":"#42240b","overlay_opacity":0}}},"block_order":["9a6c50a6-2e96-4649-a4d1-c7962356ea26","template--16449598488735__6685cdaf-e534-4c17-af86-243247db2685-collection-2"],"settings":{"color_scheme":"","separate_section_with_border":false,"image_size":"auto","show_text_outside":true,"space_items":true,"stack_collections":false,"collections_per_row_mobile":"1","collections_per_row_desktop":5,"subheading":"","title":"","content":""}},"main":{"type":"main-collection","custom_css":[],"settings":{"color_scheme":"","hide_product_information":false,"products_per_page":32,"products_per_row_mobile":"2","products_size_desktop":"medium","show_grid_mode_selector":false,"horizontal_spacing_factor":1,"vertical_spacing_factor":1,"filter_layout":"drawer","quick_links_menu":"","show_sort_by":true,"show_filters":true,"show_results_count":false,"show_filter_group_name":false,"show_filter_values_count":false,"open_filters_by_default":false}},"image_with_text_overlay_d9VEz4":{"type":"image-with-text-overlay","settings":{"color_scheme":"scheme-ae220975-7a0f-4eb4-9b70-600dac492ea0","image_size":"auto","image":"shopify:\/\/shop_images\/Untitled_2500_x_900_px.svg","allow_transparent_header":true,"reveal_on_scroll":false,"remove_vertical_spacing":true,"content_width":"md","mobile_text_position":"place-self-center text-center","desktop_text_position":"sm:place-self-center sm:text-center","overlay_color":"#44250b","overlay_opacity":25}}},"order":["collection-banner","6685cdaf-e534-4c17-af86-243247db2685","main","image_with_text_overlay_d9VEz4"]}