{"sections":{"collection-banner":{"type":"collection-banner","settings":{"color_scheme":"scheme-2","image_size":"auto","allow_transparent_header":true,"reveal":false,"enable_parallax":false,"show_image":false,"show_collection_title":true,"show_collection_description":false,"show_breadcrumb":false,"content_width":"xs","overlay_color":"#000000","overlay_opacity":30}},"2818facb-f5c3-4d33-bebc-3ef0aaac4ce5":{"type":"custom-liquid","disabled":true,"custom_css":["a {text-transform: uppercase; letter-spacing: 13.5px; font-size: calc(100% * 1.2);}"],"settings":{"color_scheme":"","separate_section_with_border":true,"remove_vertical_spacing":false,"remove_horizontal_spacing":false,"liquid":"<!-- The Ilbo Collection -->\n<section class=\"ilbo-collection-page-banner\">\n    <h2>The Igbo Collection<\/h2>\n<p>Our first collection was designed to welcome you uto our world<\/p>\n    <a href=\"\" title=\"\">Learn More<\/a>\n<\/section>","text_alignment":"center"}},"main":{"type":"main-collection","settings":{"color_scheme":"","hide_product_information":false,"products_per_page":24,"products_per_row_mobile":"2","products_size_desktop":"medium","show_grid_mode_selector":false,"horizontal_spacing_factor":1,"vertical_spacing_factor":1,"filter_layout":"sidebar","quick_links_menu":"","show_sort_by":true,"show_filters":false,"show_results_count":true,"show_filter_group_name":false,"show_filter_values_count":true,"open_filters_by_default":false}},"recently-viewed-products":{"type":"recently-viewed-products","disabled":true,"settings":{"separate_section_with_border":true,"color_scheme":"","hide_product_information":false,"stack_products":false,"products_count":9,"products_per_row_mobile":"2","products_per_row_desktop":4,"horizontal_spacing_factor":1,"vertical_spacing_factor":1,"subheading":"","title":"Recently viewed","content":""}},"e106140a-eccb-4f95-b0f0-8d05f54f0285":{"type":"slideshow","blocks":{"template--16072124006559__e106140a-eccb-4f95-b0f0-8d05f54f0285-167857346667070288-0":{"type":"image","settings":{"subheading":"Slide title","title":"Tell your story","mobile_text_position":"place-self-center text-center","desktop_text_position":"sm:place-self-center sm:text-center","content_max_width":780,"button_1_text":"","button_1_link":"","button_1_style":"solid","button_1_background":"#ffffff","button_1_text_color":"#000000","button_2_text":"","button_2_link":"","button_2_style":"outline","button_2_background":"#ffffff","button_2_text_color":"#000000","background":"","background_opacity":50,"text_color":"#ffffff","border_color":"","gradient_overlay":"linear-gradient(180deg, rgba(54, 54, 54, 0.2) 0%, rgba(4, 4, 4, 0.65) 100%)"}},"template--16072124006559__e106140a-eccb-4f95-b0f0-8d05f54f0285-167857346667070288-1":{"type":"image","settings":{"subheading":"Slide title","title":"Tell your story","mobile_text_position":"place-self-center text-center","desktop_text_position":"sm:place-self-center sm:text-center","content_max_width":780,"button_1_text":"","button_1_link":"","button_1_style":"solid","button_1_background":"#ffffff","button_1_text_color":"#000000","button_2_text":"","button_2_link":"","button_2_style":"outline","button_2_background":"#ffffff","button_2_text_color":"#000000","background":"","background_opacity":50,"text_color":"#ffffff","border_color":"","gradient_overlay":"linear-gradient(180deg, rgba(54, 54, 54, 0.2) 0%, rgba(4, 4, 4, 0.65) 100%)"}}},"block_order":["template--16072124006559__e106140a-eccb-4f95-b0f0-8d05f54f0285-167857346667070288-0","template--16072124006559__e106140a-eccb-4f95-b0f0-8d05f54f0285-167857346667070288-1"],"disabled":true,"settings":{"allow_transparent_header":true,"show_next_section_button":true,"media_size":"auto","autoplay":true,"autoplay_pause_on_video":true,"cycle_speed":5,"background":"#000000","controls_color":"#ffffff"}},"fc26acc7-cc51-4d28-bbc4-51fe00dc083d":{"type":"featured-collections","blocks":{"template--16072124006559__fc26acc7-cc51-4d28-bbc4-51fe00dc083d-167859028997a2908b-0":{"type":"collection","settings":{"collection":"favorites","products_count":8,"title":"","link_url":"","link_text":"View all"}}},"block_order":["template--16072124006559__fc26acc7-cc51-4d28-bbc4-51fe00dc083d-167859028997a2908b-0"],"settings":{"color_scheme":"","separate_section_with_border":true,"hide_product_information":false,"stack_products":false,"products_per_row_mobile":"2","products_per_row_desktop":4,"horizontal_spacing_factor":1,"vertical_spacing_factor":1,"subheading":"Featured collection"}},"1678590674eee64c23":{"type":"apps","settings":{"color_scheme":"","separate_section_with_border":true,"remove_vertical_spacing":false,"remove_horizontal_spacing":false}},"09859a84-1f1c-4a21-9d8b-bf85ce03a24c":{"type":"newsletter","settings":{"color_scheme":"","separate_section_with_border":true,"image_size":"auto","image":"shopify:\/\/shop_images\/Email-list-Mobile.jpg","subheading":"","title":"Join the Pride","content":"","button_text":"Subscribe","overlay_color":"#000000","overlay_opacity":0}}},"order":["collection-banner","2818facb-f5c3-4d33-bebc-3ef0aaac4ce5","main","recently-viewed-products","e106140a-eccb-4f95-b0f0-8d05f54f0285","fc26acc7-cc51-4d28-bbc4-51fe00dc083d","1678590674eee64c23","09859a84-1f1c-4a21-9d8b-bf85ce03a24c"]}