{"sections":{"collection-banner":{"type":"collection-banner","settings":{"color_scheme":"scheme-1","image_size":"auto","allow_transparent_header":true,"reveal":false,"enable_parallax":false,"show_image":false,"show_collection_title":true,"show_collection_description":false,"show_breadcrumb":false,"content_width":"xs","overlay_color":"#000000","overlay_opacity":0}},"main":{"type":"main-collection","disabled":true,"settings":{"color_scheme":"","hide_product_information":true,"products_per_page":24,"products_per_row_mobile":"2","products_size_desktop":"medium","show_grid_mode_selector":false,"horizontal_spacing_factor":1,"vertical_spacing_factor":1,"filter_layout":"drawer","quick_links_menu":"","show_sort_by":true,"show_filters":true,"show_results_count":true,"show_filter_group_name":false,"show_filter_values_count":true,"open_filters_by_default":true}}},"order":["collection-banner","main"]}