{"sections":{"collection-banner":{"type":"collection-banner","settings":{"color_scheme":"scheme-1","image_size":"auto","allow_transparent_header":true,"reveal":false,"enable_parallax":false,"show_image":false,"show_collection_title":true,"show_collection_description":false,"show_breadcrumb":false,"content_width":"xs","overlay_color":"#42240b","overlay_opacity":30}},"collection_list_rhcgiG":{"type":"collection-list","blocks":{"collection_G9jRjU":{"type":"collection","settings":{"color_scheme":"scheme-1","collection":"pendants","image":"shopify:\/\/shop_images\/16_f3e21aea-8a5a-4589-a303-6cd0227bb31d.png","expand_collection":false,"content_position":"place-self-end-start text-start","subheading":"Pendants","title":"","button_text":"","button_link":"","overlay_color":"#000000","overlay_opacity":0}},"collection_KV8MqT":{"type":"collection","settings":{"color_scheme":"scheme-1","collection":"statement-necklaces","image":"shopify:\/\/shop_images\/17_1befa441-d47d-488d-9b0e-2ad4b9be65ea.png","expand_collection":false,"content_position":"place-self-end-start text-start","subheading":"Statement","title":"","button_text":"","button_link":"","overlay_color":"#000000","overlay_opacity":30}},"collection_cxgrdq":{"type":"collection","disabled":true,"settings":{"color_scheme":"scheme-1","collection":"","image":"shopify:\/\/shop_images\/1_53c2f148-04fb-4ea1-aed2-7ad7e5c83658.png","expand_collection":false,"content_position":"place-self-end-start text-start","subheading":"lockets","title":"","button_text":"","button_link":"","overlay_color":"#000000","overlay_opacity":0}}},"block_order":["collection_G9jRjU","collection_KV8MqT","collection_cxgrdq"],"settings":{"color_scheme":"","separate_section_with_border":false,"image_size":"auto","show_text_outside":true,"space_items":true,"stack_collections":false,"collections_per_row_desktop":5,"subheading":"","title":"","content":""}},"main":{"type":"main-collection","custom_css":[],"settings":{"color_scheme":"scheme-1","hide_product_information":false,"products_per_page":32,"products_per_row_mobile":"2","products_size_desktop":"medium","show_grid_mode_selector":false,"horizontal_spacing_factor":1,"vertical_spacing_factor":1,"filter_layout":"drawer","quick_links_menu":"","show_sort_by":true,"show_filters":true,"show_results_count":false,"show_filter_group_name":false,"show_filter_values_count":false,"open_filters_by_default":false}}},"order":["collection-banner","collection_list_rhcgiG","main"]}