{"sections":{"collection-banner":{"type":"collection-banner","settings":{"color_scheme":"scheme-1","image_size":"auto","allow_transparent_header":true,"reveal":false,"enable_parallax":false,"show_image":false,"show_collection_title":true,"show_collection_description":false,"show_breadcrumb":false,"content_width":"xs","overlay_color":"#42240b","overlay_opacity":0}},"6685cdaf-e534-4c17-af86-243247db2685":{"type":"collection-list","blocks":{"collection_39ETDm":{"type":"collection","settings":{"color_scheme":"scheme-1","collection":"croc-embossed-leather","image":"shopify:\/\/shop_images\/4_a5180e8c-6955-4c8b-a47a-c94e81527081.png","expand_collection":false,"content_position":"place-self-end-start text-start","subheading":"Cocco Jenny New Effect Croco","title":"","button_text":"","button_link":"","overlay_color":"#000000","overlay_opacity":0}},"collection_BeD7VA":{"type":"collection","settings":{"color_scheme":"scheme-1","collection":"nappa-leather","image":"shopify:\/\/shop_images\/17_1befa441-d47d-488d-9b0e-2ad4b9be65ea.png","expand_collection":false,"content_position":"place-self-end-start text-start","subheading":"Lille Nappa","title":"","button_text":"","button_link":"","overlay_color":"#000000","overlay_opacity":0}},"collection_DA3yfQ":{"type":"collection","settings":{"color_scheme":"scheme-1","collection":"patent-leather","image":"shopify:\/\/shop_images\/16.png","expand_collection":false,"content_position":"place-self-end-start text-start","subheading":"Piuma Patent","title":"","button_text":"","button_link":"","overlay_color":"#000000","overlay_opacity":0}}},"block_order":["collection_39ETDm","collection_BeD7VA","collection_DA3yfQ"],"settings":{"color_scheme":"","separate_section_with_border":false,"image_size":"auto","show_text_outside":true,"space_items":true,"stack_collections":false,"collections_per_row_desktop":5,"subheading":"","title":"","content":""}},"main":{"type":"main-collection","custom_css":[],"settings":{"color_scheme":"","hide_product_information":false,"products_per_page":32,"products_per_row_mobile":"2","products_size_desktop":"medium","show_grid_mode_selector":false,"horizontal_spacing_factor":1,"vertical_spacing_factor":1,"filter_layout":"drawer","quick_links_menu":"","show_sort_by":true,"show_filters":true,"show_results_count":false,"show_filter_group_name":false,"show_filter_values_count":false,"open_filters_by_default":false}}},"order":["collection-banner","6685cdaf-e534-4c17-af86-243247db2685","main"]}