{"sections":{"collection-banner":{"type":"collection-banner","disabled":true,"settings":{"color_scheme":"scheme-1","image_size":"auto","allow_transparent_header":true,"reveal":false,"enable_parallax":true,"show_image":false,"show_collection_title":true,"show_collection_description":true,"show_breadcrumb":true,"content_width":"xs","overlay_color":"#42240b","overlay_opacity":30}},"main":{"type":"main-collection","disabled":true,"custom_css":[],"settings":{"color_scheme":"","hide_product_information":false,"products_per_page":24,"products_per_row_mobile":"2","products_size_desktop":"medium","show_grid_mode_selector":false,"horizontal_spacing_factor":1,"vertical_spacing_factor":1,"filter_layout":"drawer","quick_links_menu":"","show_sort_by":true,"show_filters":true,"show_results_count":false,"show_filter_group_name":false,"show_filter_values_count":true,"open_filters_by_default":false}},"image_with_text_overlay_dP6Anw":{"type":"image-with-text-overlay","blocks":{"richtext_Na7XWj":{"type":"richtext","settings":{"content":"<p><em>Principles<\/em> are the guiding precepts that shape our actions and beliefs, akin to the sturdy pillars supporting the edifice of our character. They are the bedrock upon which integrity, morality, and virtue stand, imbuing our decisions with purpose and direction. Principles illuminate the path of righteousness, serving as beacons of truth and righteousness in the journey of life.<\/p>"}},"richtext_MDbhnT":{"type":"richtext","settings":{"content":"<h6>Discover our guiding principles below.<\/h6>"}}},"block_order":["richtext_Na7XWj","richtext_MDbhnT"],"settings":{"color_scheme":"scheme-3","image_size":"xs","image":"shopify:\/\/shop_images\/196B4588-B837-403F-B80F-EBA4721C78B3.png","allow_transparent_header":true,"reveal_on_scroll":true,"remove_vertical_spacing":true,"content_width":"md","mobile_text_position":"place-self-center text-center","desktop_text_position":"sm:place-self-center sm:text-center","overlay_color":"#000000","overlay_opacity":0}}},"order":["collection-banner","main","image_with_text_overlay_dP6Anw"]}