{"sections":{"collection-banner":{"type":"collection-banner","settings":{"color_scheme":"scheme-1","image_size":"auto","allow_transparent_header":true,"reveal":false,"enable_parallax":false,"show_image":false,"show_collection_title":true,"show_collection_description":true,"show_breadcrumb":true,"content_width":"md","overlay_color":"#42240b","overlay_opacity":30}},"main":{"type":"main-collection","custom_css":[],"settings":{"color_scheme":"scheme-1","hide_product_information":false,"products_per_page":32,"products_per_row_mobile":"2","products_size_desktop":"medium","show_grid_mode_selector":false,"horizontal_spacing_factor":1,"vertical_spacing_factor":1,"filter_layout":"drawer","quick_links_menu":"","show_sort_by":true,"show_filters":true,"show_results_count":false,"show_filter_group_name":false,"show_filter_values_count":false,"open_filters_by_default":false}},"image_with_text_overlay_8GHemL":{"type":"image-with-text-overlay","blocks":{"heading_8hFW8e":{"type":"heading","disabled":true,"settings":{"text":"Upcycling Projects","heading_tag":"h3"}},"richtext_TPrnwc":{"type":"richtext","disabled":true,"settings":{"content":"<p>Our commitment to reducing waste has ignited a passion for upcycling our leather off-cuts into stunning, one-of-a-kind creations. Discover our mirrors encased in upcycled leather off-cuts, each showcasing a distinct yet equally captivating aspect of the materials we utilize.<\/p>"}}},"block_order":["heading_8hFW8e","richtext_TPrnwc"],"settings":{"color_scheme":"scheme-3","image_size":"auto","image":"shopify:\/\/shop_images\/Untitled_2500_x_850_px.svg","allow_transparent_header":true,"reveal_on_scroll":false,"remove_vertical_spacing":true,"content_width":"sm","mobile_text_position":"place-self-end-start text-start","desktop_text_position":"sm:place-self-end-start sm:text-start","overlay_color":"#44250b","overlay_opacity":0}}},"order":["collection-banner","main","image_with_text_overlay_8GHemL"]}