{"sections":{"collection-banner":{"type":"collection-banner","settings":{"color_scheme":"scheme-1","image_size":"auto","allow_transparent_header":true,"reveal":false,"enable_parallax":false,"show_image":false,"show_collection_title":true,"show_collection_description":false,"show_breadcrumb":false,"content_width":"xs","overlay_color":"#42240b","overlay_opacity":30}},"6685cdaf-e534-4c17-af86-243247db2685":{"type":"collection-list","blocks":{"9a6c50a6-2e96-4649-a4d1-c7962356ea26":{"type":"collection","settings":{"color_scheme":"scheme-1","collection":"petit-rings","image":"shopify:\/\/shop_images\/16.png","expand_collection":false,"content_position":"place-self-end-start text-start","subheading":"Petite","title":"","button_text":"","button_link":"","overlay_color":"#000000","overlay_opacity":0}},"template--16449598488735__6685cdaf-e534-4c17-af86-243247db2685-collection-2":{"type":"collection","settings":{"color_scheme":"scheme-1","collection":"bands","image":"shopify:\/\/shop_images\/18_70fe0985-90ae-48b1-8a33-55aea82dacae.png","expand_collection":false,"content_position":"place-self-end-start text-start","subheading":"stacking","title":"","button_text":"","button_link":"","overlay_color":"#42240b","overlay_opacity":0}},"template--16449598488735__6685cdaf-e534-4c17-af86-243247db2685-collection-1":{"type":"collection","settings":{"color_scheme":"scheme-1","collection":"signet","image":"shopify:\/\/shop_images\/after-lion.jpg","expand_collection":false,"content_position":"place-self-end-start text-start","subheading":"Signet","title":"","button_text":"","button_link":"shopify:\/\/collections\/signet","overlay_color":"#42240b","overlay_opacity":0}},"template--16449598488735__6685cdaf-e534-4c17-af86-243247db2685-collection-3":{"type":"collection","settings":{"color_scheme":"scheme-1","collection":"statement-ring","image":"shopify:\/\/shop_images\/20_73aa09a2-99e6-4047-a2a3-342c07683170.png","expand_collection":false,"content_position":"place-self-end-start text-start","subheading":"statement","title":"","button_text":"","button_link":"","overlay_color":"#42240b","overlay_opacity":0}}},"block_order":["9a6c50a6-2e96-4649-a4d1-c7962356ea26","template--16449598488735__6685cdaf-e534-4c17-af86-243247db2685-collection-2","template--16449598488735__6685cdaf-e534-4c17-af86-243247db2685-collection-1","template--16449598488735__6685cdaf-e534-4c17-af86-243247db2685-collection-3"],"settings":{"color_scheme":"","separate_section_with_border":false,"image_size":"auto","show_text_outside":true,"space_items":true,"stack_collections":false,"collections_per_row_desktop":5,"subheading":"","title":"","content":""}},"main":{"type":"main-collection","custom_css":[],"settings":{"color_scheme":"","hide_product_information":false,"products_per_page":32,"products_per_row_mobile":"2","products_size_desktop":"medium","show_grid_mode_selector":false,"horizontal_spacing_factor":1,"vertical_spacing_factor":1,"filter_layout":"drawer","quick_links_menu":"","show_sort_by":true,"show_filters":true,"show_results_count":false,"show_filter_group_name":false,"show_filter_values_count":false,"open_filters_by_default":false}}},"order":["collection-banner","6685cdaf-e534-4c17-af86-243247db2685","main"]}