{"sections":{"collection-banner":{"type":"collection-banner","settings":{"color_scheme":"scheme-1","image_size":"auto","allow_transparent_header":true,"reveal":false,"enable_parallax":false,"show_image":false,"show_collection_title":true,"show_collection_description":true,"show_breadcrumb":false,"content_width":"xs","overlay_color":"#000000","overlay_opacity":30}},"82819885-bde1-42a0-88b7-d35c49c29894":{"type":"slideshow","blocks":{"template--16063733563551__82819885-bde1-42a0-88b7-d35c49c29894-1679687088b5feef20-0":{"type":"image","settings":{"subheading":"","title":"{{ collection.title }}","mobile_text_position":"place-self-center text-center","desktop_text_position":"sm:place-self-center sm:text-center","content_max_width":780,"button_1_text":"","button_1_link":"","button_1_style":"solid","button_1_background":"#ffffff","button_1_text_color":"#000000","button_2_text":"","button_2_link":"","button_2_style":"outline","button_2_background":"#ffffff","button_2_text_color":"#000000","background":"","background_opacity":50,"text_color":"#ffffff","border_color":"","gradient_overlay":"linear-gradient(180deg, rgba(54, 54, 54, 0.2) 0%, rgba(4, 4, 4, 0.65) 100%)"}},"template--16063733563551__82819885-bde1-42a0-88b7-d35c49c29894-1679687088b5feef20-1":{"type":"image","settings":{"subheading":"","title":"{{ collection.title }}","mobile_text_position":"place-self-center text-center","desktop_text_position":"sm:place-self-center sm:text-center","content_max_width":780,"button_1_text":"","button_1_link":"","button_1_style":"solid","button_1_background":"#ffffff","button_1_text_color":"#000000","button_2_text":"","button_2_link":"","button_2_style":"outline","button_2_background":"#ffffff","button_2_text_color":"#000000","background":"","background_opacity":50,"text_color":"#ffffff","border_color":"","gradient_overlay":"linear-gradient(180deg, rgba(54, 54, 54, 0.2) 0%, rgba(4, 4, 4, 0.65) 100%)"}},"486ff03e-2c74-4284-8df2-1e284f5c1cb6":{"type":"image","settings":{"subheading":"","title":"{{ collection.title }}","mobile_text_position":"place-self-center text-center","desktop_text_position":"sm:place-self-center sm:text-center","content_max_width":780,"button_1_text":"","button_1_link":"","button_1_style":"solid","button_1_background":"#ffffff","button_1_text_color":"#000000","button_2_text":"","button_2_link":"","button_2_style":"outline","button_2_background":"#ffffff","button_2_text_color":"#000000","background":"","background_opacity":50,"text_color":"#ffffff","border_color":"","gradient_overlay":"linear-gradient(180deg, rgba(54, 54, 54, 0.2) 0%, rgba(4, 4, 4, 0.65) 100%)"}}},"block_order":["template--16063733563551__82819885-bde1-42a0-88b7-d35c49c29894-1679687088b5feef20-0","template--16063733563551__82819885-bde1-42a0-88b7-d35c49c29894-1679687088b5feef20-1","486ff03e-2c74-4284-8df2-1e284f5c1cb6"],"settings":{"allow_transparent_header":true,"show_next_section_button":true,"media_size":"auto","autoplay":true,"autoplay_pause_on_video":true,"cycle_speed":5,"background":"#000000","controls_color":"#ffffff"}},"c2abd595-c5a1-4798-ab9c-ae55b5943b54":{"type":"featured-collections","blocks":{"template--16063733563551__c2abd595-c5a1-4798-ab9c-ae55b5943b54-1679696286a92cc7e7-0":{"type":"collection","settings":{"collection":"hadbags","products_count":8,"title":"","link_url":"","link_text":"View all"}}},"block_order":["template--16063733563551__c2abd595-c5a1-4798-ab9c-ae55b5943b54-1679696286a92cc7e7-0"],"settings":{"color_scheme":"","separate_section_with_border":true,"hide_product_information":false,"stack_products":false,"products_per_row_mobile":"2","products_per_row_desktop":4,"horizontal_spacing_factor":1,"vertical_spacing_factor":1,"subheading":"Featured collection"}},"main":{"type":"main-collection","disabled":true,"custom_css":[],"settings":{"color_scheme":"","hide_product_information":false,"products_per_page":48,"products_per_row_mobile":"2","products_size_desktop":"medium","show_grid_mode_selector":true,"horizontal_spacing_factor":1,"vertical_spacing_factor":1,"filter_layout":"sidebar","quick_links_menu":"","show_sort_by":true,"show_filters":true,"show_results_count":true,"show_filter_group_name":false,"show_filter_values_count":true,"open_filters_by_default":false}}},"order":["collection-banner","82819885-bde1-42a0-88b7-d35c49c29894","c2abd595-c5a1-4798-ab9c-ae55b5943b54","main"]}