{"sections":{"image_with_text_overlay_mnKtNY":{"type":"image-with-text-overlay","blocks":{"richtext_3zN6fQ":{"type":"richtext","settings":{"content":"<p>Discover where heritage meets contemporary elegance in timeless adornments.<\/p>"}},"link_ngYmwk":{"type":"link","settings":{"text":"Explore","url":"shopify:\/\/collections\/jewelry"}}},"block_order":["richtext_3zN6fQ","link_ngYmwk"],"custom_css":[],"settings":{"color_scheme":"scheme-3","image_size":"auto","image":"shopify:\/\/shop_images\/Untitled_design_14.svg","mobile_image":"shopify:\/\/shop_images\/Untitled_design_12.svg","allow_transparent_header":true,"reveal_on_scroll":false,"remove_vertical_spacing":true,"content_width":"md","mobile_text_position":"place-self-end-center text-center","desktop_text_position":"sm:place-self-end-start sm:text-start","overlay_color":"#44250b","overlay_opacity":10}},"14d09802-4b4b-417f-887d-f82345f84fdb":{"type":"rich-text","blocks":{"image_pmC6Yh":{"type":"image","settings":{"image":"shopify:\/\/shop_images\/Odoba_Loader_da0f87f4-00b0-44e4-938a-c830c1842447.gif","width_mode":"custom","max_width":240,"mobile_max_width":160}},"template--16182573858975__14d09802-4b4b-417f-887d-f82345f84fdb-subheading-1":{"type":"subheading","disabled":true,"settings":{"text":"\/AW-DAW-BAH\/"}},"template--16182573858975__14d09802-4b4b-417f-887d-f82345f84fdb-heading-1":{"type":"heading","disabled":true,"settings":{"text":"ỌDỌBA","heading_tag":"h3"}},"template--16182573858975__14d09802-4b4b-417f-887d-f82345f84fdb-richtext-1":{"type":"richtext","settings":{"content":"<p>Through fine craftsmanship and heartfelt storytelling, join us on a journey of discovery, where each piece becomes a cherished symbol of our shared humanity. Of courage, growth, love, unity, resilience, and timeless beauty.<\/p>"}}},"block_order":["image_pmC6Yh","template--16182573858975__14d09802-4b4b-417f-887d-f82345f84fdb-subheading-1","template--16182573858975__14d09802-4b4b-417f-887d-f82345f84fdb-heading-1","template--16182573858975__14d09802-4b4b-417f-887d-f82345f84fdb-richtext-1"],"settings":{"color_scheme":"scheme-1","separate_section_with_border":false,"content_width":"sm","text_position":"center","remove_vertical_spacing":false}},"image_with_text_overlay_XCdKt4":{"type":"image-with-text-overlay","custom_css":[],"settings":{"color_scheme":"scheme-67245717-b17b-47c9-8915-d4bc6e7c6fb3","image_size":"auto","image":"shopify:\/\/shop_images\/HANDBAGS_JEWELLERY_LEATHER_GOODS_2500_x_650_px_2500_x_160_px_2.svg","allow_transparent_header":true,"reveal_on_scroll":false,"remove_vertical_spacing":true,"content_width":"md","mobile_text_position":"place-self-center text-center","desktop_text_position":"sm:place-self-center sm:text-center","overlay_color":"#e1e9eb","overlay_opacity":0}},"image_with_text_overlay_rEjND6":{"type":"image-with-text-overlay","custom_css":[],"settings":{"color_scheme":"scheme-67245717-b17b-47c9-8915-d4bc6e7c6fb3","image_size":"auto","image":"shopify:\/\/shop_images\/HANDBAGS_JEWELLERY_LEATHER_GOODS_2500_x_650_px_2500_x_160_px_3.svg","allow_transparent_header":false,"reveal_on_scroll":false,"remove_vertical_spacing":true,"content_width":"md","mobile_text_position":"place-self-center text-center","desktop_text_position":"sm:place-self-center sm:text-center","overlay_color":"#000000","overlay_opacity":0}},"image_with_text_overlay_XWhh7T":{"type":"image-with-text-overlay","settings":{"color_scheme":"scheme-67245717-b17b-47c9-8915-d4bc6e7c6fb3","image_size":"auto","image":"shopify:\/\/shop_images\/HANDBAGS_JEWELLERY_LEATHER_GOODS_2500_x_650_px_2500_x_160_px.svg","allow_transparent_header":false,"reveal_on_scroll":false,"remove_vertical_spacing":true,"content_width":"md","mobile_text_position":"place-self-center text-center","desktop_text_position":"sm:place-self-center sm:text-center","overlay_color":"#000000","overlay_opacity":0}},"c4d4c67a-1a35-477b-b924-f0f5eb564b3c":{"type":"featured-collections","blocks":{"template--16063733858463__c4d4c67a-1a35-477b-b924-f0f5eb564b3c-167893334248f38714-0":{"type":"collection","settings":{"collection":"evangeline","products_count":8,"title":"","link_url":"","link_text":"View all"}}},"block_order":["template--16063733858463__c4d4c67a-1a35-477b-b924-f0f5eb564b3c-167893334248f38714-0"],"custom_css":[],"settings":{"color_scheme":"scheme-2","separate_section_with_border":false,"hide_product_information":true,"stack_products":false,"products_per_row_mobile":"2","products_per_row_desktop":4,"horizontal_spacing_factor":1,"vertical_spacing_factor":1,"subheading":""}},"image_with_text_7aggH6":{"type":"image-with-text","blocks":{"subheading_zz87AT":{"type":"subheading","settings":{"text":"Subheading"}},"heading_Qm4RcL":{"type":"heading","settings":{"text":"Image with text","heading_tag":"h1"}},"richtext_XJ4YH9":{"type":"richtext","settings":{"content":"<p>Use this text to share information about your brand with your customers. Describe a product, share announcements, or welcome customers to your store.<\/p>"}}},"block_order":["subheading_zz87AT","heading_Qm4RcL","richtext_XJ4YH9"],"settings":{"color_scheme":"scheme-4","separate_section_with_border":false,"image":"shopify:\/\/shop_images\/Untitled_design_2.svg","reveal_on_scroll":false,"image_position":"start","content_width":"md","remove_vertical_spacing":true}},"featured_collections_L9aNFd":{"type":"featured-collections","blocks":{"collection_bkRGmG":{"type":"collection","settings":{"collection":"the-little-evangeline","products_count":8,"title":"","link_url":"","link_text":"View all"}}},"block_order":["collection_bkRGmG"],"settings":{"color_scheme":"scheme-2","separate_section_with_border":false,"hide_product_information":true,"stack_products":false,"products_per_row_mobile":"2","products_per_row_desktop":4,"horizontal_spacing_factor":1,"vertical_spacing_factor":1,"subheading":""}},"image_with_text_y6aNkE":{"type":"image-with-text","blocks":{"subheading_NCUBjG":{"type":"subheading","settings":{"text":"P R I N C I P L E S"}},"richtext_3RGBqg":{"type":"richtext","settings":{"content":"<p>Discover the rich and diverse lexicon of symbols that reflects the complexity and diversity of human experience.<\/p>"}},"link_m3pb49":{"type":"link","settings":{"text":"EXPLORE","url":"shopify:\/\/pages\/principles"}}},"block_order":["subheading_NCUBjG","richtext_3RGBqg","link_m3pb49"],"disabled":true,"settings":{"color_scheme":"scheme-2","separate_section_with_border":false,"image":"shopify:\/\/shop_images\/Untitled_design_20.png","reveal_on_scroll":false,"image_position":"start","content_width":"sm","remove_vertical_spacing":true}},"c9bfa6e4-71e3-4f6b-8bd2-13a6a44b5f33":{"type":"image-with-text-block","blocks":{"c2f1e44e-d547-47ad-aaa8-4269f02a1bc7":{"type":"subheading","settings":{"text":"P R I N C I P L E S"}},"8dd911ff-ea27-458e-9fe6-df2f5c6d7909":{"type":"richtext","settings":{"content":"<p>Discover the rich and diverse lexicon of symbols that reflects the complexity and diversity of human experience.<\/p>"}},"257fc7a0-e27e-47da-af8d-182a5566f6d3":{"type":"link","settings":{"text":"EXPLORE","url":"shopify:\/\/pages\/principles"}}},"block_order":["c2f1e44e-d547-47ad-aaa8-4269f02a1bc7","8dd911ff-ea27-458e-9fe6-df2f5c6d7909","257fc7a0-e27e-47da-af8d-182a5566f6d3"],"disabled":true,"custom_css":[],"settings":{"color_scheme":"","image_size":"md","image":"shopify:\/\/shop_images\/Untitled_design_20.png","mobile_image":"shopify:\/\/shop_images\/2CDF9011-7579-42BA-AA2C-46B9BD612762.jpg","content_width":"md","enable_parallax":false,"remove_vertical_spacing":true}},"102d2bc1-ede1-4aa1-8c69-7c14b1beb4c3":{"type":"timeline","blocks":{"e5d64aad-58e9-4cb5-ab9c-95f2e0f8b62e":{"type":"item","settings":{"image":"shopify:\/\/shop_images\/lion-1.jpg","mobile_image":"shopify:\/\/shop_images\/lion-1.jpg","label":"COURAGE & GROWTH","subheading":"PRINCIPLES","title":"COURAGE & GROWTH","content":"<p>Courage intertwined with growth fuels our audacious strides and unwavering resolve toward enlightenment. Growth, resembling a mighty oak, stands resolute, its branches reaching for boundless skies, propelling individuals toward prosperity. Together, courage and growth forge an indissoluble bond, nurturing transformation and success amidst adversity.<\/p>","link_text":"EXPLORE","link_url":"shopify:\/\/collections\/courage-growth","link_style":"link","mobile_text_color":"#fdfaf4"}},"template--16063733858463__102d2bc1-ede1-4aa1-8c69-7c14b1beb4c3-167899885910e8a376-2":{"type":"item","settings":{"label":"PROSPERITY","subheading":"PRINCIPLES","title":"PROSPERITY","content":"<p>The bountiful harvest of abundance and success. It is the culmination of diligent efforts, the fruition of aspirations, and the realization of dreams. Prosperity is the fertile soil from which abundance springs forth, nurturing ambitions and cultivating possibilities.<\/p>","link_text":"EXPLORE","link_url":"shopify:\/\/collections\/prosperity","link_style":"link","mobile_text_color":"#ffffff"}},"aa08dca2-4c16-4640-a141-7e1cde83d1c4":{"type":"item","settings":{"label":"PROTECTION","subheading":"PRINCIPLES","title":"PROTECTION","content":"<p>Protection is the vigilant shield against harm, offering solace and security in times of peril. It manifests through guardianship, sacrifice, and compassion, ensuring the safety and well-being of individuals and communities. In its embrace, individuals find refuge, strength, and the assurance that they are not alone in facing life's challenges.<\/p>","link_text":"EXPLORE","link_url":"shopify:\/\/collections\/protection","link_style":"link","mobile_text_color":"#fdfaf4"}},"item_6EUJq3":{"type":"item","settings":{"label":"SERENITY","subheading":"Principles","title":"SERENITY","content":"<p>Peace, harmony, and blessing, each enhancing and enriching the others to form serenity. They create a harmonious mosaic of existence, where peace reigns supreme, harmony abounds, and blessings flourish bringing joy and light into our lives.<\/p>","link_text":"EXPLORE","link_url":"shopify:\/\/collections\/peace-harmony-blessing","link_style":"link","mobile_text_color":"#fdfaf4"}},"template--16063733858463__102d2bc1-ede1-4aa1-8c69-7c14b1beb4c3-167899885910e8a376-0":{"type":"item","settings":{"label":"STORGE LOVE","subheading":"PRINCIPLES","title":"STORGE LOVE","content":"<p>Storge love, the gentle affection that blooms within familial bonds, envelops hearts in its warm embrace. It is the tender devotion shared between parents and children, siblings, and close relatives, forged through shared experiences and unconditional acceptance. Storge love radiates a comforting reassurance, fostering a sense of belonging and security within the nurturing arms of family.<\/p>","link_text":"EXPLORE","link_url":"shopify:\/\/collections\/storge-love","link_style":"link","mobile_text_color":"#ffffff"}},"template--16063733858463__102d2bc1-ede1-4aa1-8c69-7c14b1beb4c3-167899885910e8a376-1":{"type":"item","settings":{"image":"shopify:\/\/shop_images\/Untitled_design_18.png","label":"UNITY","subheading":"PRINCIPLES","title":"UNITY","content":"<p>Unity is the cohesive force that binds individuals together, transcending differences and fostering a sense of common purpose. It celebrates diversity, recognizing the unique contributions of each individual while promoting a shared identity and collective goals. In unity, there is strength, as communities and societies unite to overcome challenges, achieve progress, and build a more inclusive and prosperous future for all.<\/p>","link_text":"EXPLORE","link_url":"shopify:\/\/collections\/unity","link_style":"link","mobile_text_color":"#ffffff"}}},"block_order":["e5d64aad-58e9-4cb5-ab9c-95f2e0f8b62e","template--16063733858463__102d2bc1-ede1-4aa1-8c69-7c14b1beb4c3-167899885910e8a376-2","aa08dca2-4c16-4640-a141-7e1cde83d1c4","item_6EUJq3","template--16063733858463__102d2bc1-ede1-4aa1-8c69-7c14b1beb4c3-167899885910e8a376-0","template--16063733858463__102d2bc1-ede1-4aa1-8c69-7c14b1beb4c3-167899885910e8a376-1"],"disabled":true,"settings":{"color_scheme":"scheme-3","item_color_scheme":"scheme-3","separate_section_with_border":false}},"image_with_text_nkqBde":{"type":"image-with-text","blocks":{"subheading_XzhzaW":{"type":"subheading","settings":{"text":"Subheading"}},"heading_4MJXpN":{"type":"heading","settings":{"text":"Image with text","heading_tag":"h1"}},"richtext_JYnjXc":{"type":"richtext","settings":{"content":"<p>Use this text to share information about your brand with your customers. Describe a product, share announcements, or welcome customers to your store.<\/p>"}}},"block_order":["subheading_XzhzaW","heading_4MJXpN","richtext_JYnjXc"],"settings":{"color_scheme":"scheme-a148d179-9d90-4566-86fe-0c008217e3a0","separate_section_with_border":false,"image":"shopify:\/\/shop_images\/Untitled_design_5.svg","reveal_on_scroll":false,"image_position":"start","content_width":"md","remove_vertical_spacing":true}},"9d616bda-63eb-4677-aba3-64f34adf06f3":{"type":"blog-posts","custom_css":[],"settings":{"color_scheme":"scheme-1","separate_section_with_border":false,"blog":"stories","posts_count":3,"stack_on_mobile":false,"show_category":true,"show_date":false,"show_excerpt":true,"show_read_more":true,"subheading":"","title":"Stories","content":"","button_link":"shopify:\/\/blogs\/stories","button_text":"Discover More"}},"multiple_media_with_text_aigx4Q":{"type":"multiple-media-with-text","blocks":{"image_aq4gGh":{"type":"image","settings":{"image":"shopify:\/\/shop_images\/odoba-square-1.jpg","rotation":0}},"image_fBBGXT":{"type":"image","settings":{"image":"shopify:\/\/shop_images\/8_2dec1950-f0f6-445e-960f-369e182e4dc1.png","rotation":0}}},"block_order":["image_aq4gGh","image_fBBGXT"],"disabled":true,"settings":{"color_scheme":"","reveal_on_scroll":true,"separate_section_with_border":false,"media_position_desktop":"before_text","media_position_mobile":"before_text","media_layout":"overlap","media_alignment":"center","media_alignment_offset":0,"media_mobile_alignment_offset":0,"text_alignment":"center","subheading":"AN AUTHENTIC COMMITMENT TO","title":"ETHICAL BUSINESS","content":"<ul><li>Energy-Efficient Manufacturing<\/li><li>Small Batch Artisan Woman Made Leather Goods<\/li><li>Lab-Grown Diamonds & Traceable Gemstones<\/li><li>Recycled Precious Metals<\/li><li>Ethically Sourced and Sustainably Tanned Quality Leather<\/li><li>FSC-Certified Packaging<\/li><li>Fair-Trade Labor<\/li><li>Carbon-Neutral Shipping<\/li><\/ul>","button_1_text":"LEARN MORE","button_1_link":"shopify:\/\/pages\/sustainability","button_1_style":"link","button_2_text":"","button_2_link":"","button_2_style":"solid"}},"209d5d42-8875-4ad1-a66a-a3a7a4d0dad8":{"type":"newsletter","disabled":true,"settings":{"color_scheme":"","separate_section_with_border":false,"image_size":"sm","image":"shopify:\/\/shop_images\/B3978DC0-5A55-4491-A538-3899C7C9C791.jpg","mobile_image":"shopify:\/\/shop_images\/55AAF7CC-B351-4BC1-879F-B23666AE00B8.jpg","subheading":"Subscribe to our newsletter","title":"","content":"","button_text":"Subscribe","overlay_color":"#000000","overlay_opacity":0}},"media_grid_wrjrTp":{"type":"media-grid","blocks":{"image_3QGXmT":{"type":"image","settings":{"color_scheme":"scheme-3","image":"shopify:\/\/shop_images\/Untitled_design_10.svg","column_count":"3","row_count":1,"title":"","heading_tag":"h4","content":"","link_text":"Materials","link_url":"shopify:\/\/pages\/materials","link_style":"link","text_position":"place-self-end-start text-start","overlay_color":"#44250b","overlay_opacity":25}},"image_CDwNmM":{"type":"image","settings":{"color_scheme":"scheme-3","image":"shopify:\/\/shop_images\/5_ddd040c6-a0ef-4253-bd92-28dc97d98033.svg","column_count":"3","row_count":1,"title":"","heading_tag":"h4","content":"","link_text":"Process","link_url":"shopify:\/\/pages\/leather-goods-design","link_style":"link","text_position":"place-self-end-start text-start","overlay_color":"#44250b","overlay_opacity":25}},"image_b4jWxh":{"type":"image","settings":{"color_scheme":"scheme-3","image":"shopify:\/\/shop_images\/3_2c8efeeb-e87b-48d6-88bc-566b5c41fc89.svg","column_count":"3","row_count":1,"title":"","heading_tag":"h4","content":"","link_text":"Construction","link_url":"shopify:\/\/pages\/leather-goods-manufactures","link_style":"link","text_position":"place-self-end-start text-start","overlay_color":"#44250b","overlay_opacity":25}},"image_ywzjrn":{"type":"image","settings":{"color_scheme":"scheme-3","image":"shopify:\/\/shop_images\/2_4f16a464-7415-485e-9731-33071d695f0e.svg","column_count":"3","row_count":1,"title":"","heading_tag":"h4","content":"","link_text":"Upcycling","link_url":"shopify:\/\/collections\/mirrors","link_style":"link","text_position":"place-self-end-start text-start","overlay_color":"#44250b","overlay_opacity":25}}},"block_order":["image_3QGXmT","image_CDwNmM","image_b4jWxh","image_ywzjrn"],"settings":{"color_scheme":"","separate_section_with_border":true,"desktop_row_height":290,"mobile_row_height":250,"section_width":"full","spacing":"none","subheading":"","title":"","content":""}}},"order":["image_with_text_overlay_mnKtNY","14d09802-4b4b-417f-887d-f82345f84fdb","image_with_text_overlay_XCdKt4","image_with_text_overlay_rEjND6","image_with_text_overlay_XWhh7T","c4d4c67a-1a35-477b-b924-f0f5eb564b3c","image_with_text_7aggH6","featured_collections_L9aNFd","image_with_text_y6aNkE","c9bfa6e4-71e3-4f6b-8bd2-13a6a44b5f33","102d2bc1-ede1-4aa1-8c69-7c14b1beb4c3","image_with_text_nkqBde","9d616bda-63eb-4677-aba3-64f34adf06f3","multiple_media_with_text_aigx4Q","209d5d42-8875-4ad1-a66a-a3a7a4d0dad8","media_grid_wrjrTp"]}