{"sections":{"main":{"type":"main-list-collections","settings":{"color_scheme":"scheme-1","show_title":false,"collections":["18k-yellow-gold","18k-gold-vermeil","sterling-silver","the-igbo-collection","earrings","kolanut","lion-cub","necklaces","rings","evangeline","the-little-evangeline","mirrors"],"collections_per_row_mobile":"2","collections_per_row_desktop":4,"image_size":"auto","content_position":"place-self-end-start text-start","text_color":"#fdfaf4","overlay_color":"#44250b","overlay_opacity":0}}},"order":["main"]}