{"sections":{"main":{"type":"main-page","disabled":true,"custom_css":[],"settings":{"color_scheme":"scheme-1","show_title":true,"page_width":"full"}},"image_with_text_overlay_kidec8":{"type":"image-with-text-overlay","blocks":{"heading_gmB7WV":{"type":"heading","settings":{"text":"Refresh, Replace","heading_tag":"h3"}},"richtext_zcXNY9":{"type":"richtext","settings":{"content":"<h4>1 Year Limited Warranty <\/h4>"}}},"block_order":["heading_gmB7WV","richtext_zcXNY9"],"settings":{"color_scheme":"scheme-3","image_size":"md","image":"shopify:\/\/shop_images\/20_c903abe7-e680-40c9-b904-bdc3f1d7ba9e.png","allow_transparent_header":true,"reveal_on_scroll":false,"remove_vertical_spacing":true,"content_width":"md","mobile_text_position":"place-self-center text-center","desktop_text_position":"sm:place-self-center sm:text-center","overlay_color":"#000000","overlay_opacity":30}},"rich_text_HqrUtc":{"type":"rich-text","blocks":{"richtext_KcNHFk":{"type":"richtext","settings":{"content":"<p>Each piece is crafted with care, durability, and style in mind. Our aim is for your accessories to maintain their beauty and functionality. That is why we offer a one-year limited warranty. If the handbag, small leather good, or accessory proves to be defective in material or workmanship under normal use anytime within the first year, we will repair or replace it free of charge.<\/p><p>Please note that we do not accept pieces that appear to be intentionally damaged or altered.<\/p>"}}},"block_order":["richtext_KcNHFk"],"settings":{"color_scheme":"","separate_section_with_border":true,"content_width":"sm","text_position":"center","remove_vertical_spacing":false}},"multi_column_CEhKm3":{"type":"multi-column","blocks":{"image_with_text_exREDR":{"type":"image_with_text","settings":{"image":"shopify:\/\/shop_images\/2_9541b80a-995e-46f8-b221-d39f0ba16b0d.png","title":"Refresh","heading_tag":"h4","content":"<p>Maintain the beauty and longevity of your leather goods and handbags with our all natural leather care products.<\/p><p>Our Leather Cleaner gently removes dirt and impurities, while our Leather Dressing nourishes and conditions the leather, restoring its natural luster and suppleness. <\/p>","link_url":"","link_text":""}},"image_with_text_mcXxjh":{"type":"image_with_text","disabled":true,"settings":{"image":"shopify:\/\/shop_images\/2_9541b80a-995e-46f8-b221-d39f0ba16b0d.png","title":"Repair","heading_tag":"h4","content":"<p>Our pieces are made to be worn and cherished, and we want to ensure they remain in excellent condition. If a defect arises, we will fix it for you. Once repaired, your item will be sent back to you, ready to be enjoyed once again.<\/p>","link_url":"","link_text":""}},"image_with_text_7yLhr6":{"type":"image_with_text","settings":{"image":"shopify:\/\/shop_images\/2_aa907ffa-4a0e-4334-a6f3-62228f4a3166.png","title":"Replace","heading_tag":"h4","content":"<p>If there are manufacturing defects in the leather or in your handbags and small leather goods that cannot be fixed, we will replace them for you free of charge. We are committed to ensuring the quality and durability of our products, so you can continue to enjoy them without any concerns.<\/p>","link_url":"","link_text":""}}},"block_order":["image_with_text_exREDR","image_with_text_mcXxjh","image_with_text_7yLhr6"],"settings":{"color_scheme":"","separate_section_with_border":false,"columns_per_row":3,"stack_on_mobile":true,"overlap_image":true,"content_alignment":"center","text_alignment":"start","spacing":"xs","subheading":"","title":"","content":""}},"collection_list_6VbRYy":{"type":"collection-list","blocks":{"collection_ajqdD8":{"type":"collection","settings":{"color_scheme":"scheme-67245717-b17b-47c9-8915-d4bc6e7c6fb3","collection":"","image":"shopify:\/\/shop_images\/1500_x_1500.png","expand_collection":false,"content_position":"place-self-end-start text-start","subheading":"purchased online","title":"","button_text":"","button_link":"#shopify-section-template--16839683473567__image_with_text_KRp7yi","overlay_color":"#000000","overlay_opacity":0}},"collection_APLnAQ":{"type":"collection","settings":{"color_scheme":"scheme-67245717-b17b-47c9-8915-d4bc6e7c6fb3","collection":"","image":"shopify:\/\/shop_images\/20.png","expand_collection":false,"content_position":"place-self-end-start text-start","subheading":"received as a gift","title":"","button_text":"","button_link":"#shopify-section-template--16839683473567__image_with_text_X63LnA","overlay_color":"#000000","overlay_opacity":0}},"collection_eQUrWy":{"type":"collection","disabled":true,"settings":{"color_scheme":"scheme-67245717-b17b-47c9-8915-d4bc6e7c6fb3","collection":"","image":"shopify:\/\/shop_images\/18_70fe0985-90ae-48b1-8a33-55aea82dacae.png","expand_collection":false,"content_position":"place-self-end-start text-start","subheading":"no proof of purchase","title":"","button_text":"","button_link":"#shopify-section-template--16839683473567__image_with_text_begCVG","overlay_color":"#000000","overlay_opacity":0}}},"block_order":["collection_ajqdD8","collection_APLnAQ","collection_eQUrWy"],"settings":{"color_scheme":"scheme-1","separate_section_with_border":false,"image_size":"auto","show_text_outside":false,"space_items":true,"stack_collections":false,"collections_per_row_desktop":4,"subheading":"","title":"Let's Get Started","content":""}},"image_with_text_KRp7yi":{"type":"image-with-text","blocks":{"heading_4tF4np":{"type":"heading","settings":{"text":"Purchased Online","heading_tag":"h4"}},"richtext_mntMJx":{"type":"richtext","settings":{"content":"<p>Enter your email address or phone number and order number (found at the top of your order confirmation email) into <a href=\"https:\/\/www.odoba.co\/tools\/returns\" title=\"https:\/\/www.odoba.co\/tools\/returns\">our online portal<\/a>, and we'll generate the form and shipping label you need to send your handbag or other leather accessories back to us.<\/p><p>If you can't find your order number, you can log in to your <a href=\"https:\/\/odoba.co\/account\" title=\"https:\/\/odoba.co\/account\">account<\/a> to see a list of all your orders. Be sure to retain a copy thr tracking information for your records.<\/p><p>For detailed information on our returns and exchanges process, visit our <a href=\"https:\/\/odoba.co\/pages\/faq\" title=\"https:\/\/odoba.co\/pages\/faq\">FAQ<\/a> page.<\/p>"}}},"block_order":["heading_4tF4np","richtext_mntMJx"],"settings":{"color_scheme":"","separate_section_with_border":false,"image":"shopify:\/\/shop_images\/6_4c1f405f-057d-48e7-9a8e-a4d1a04c0be2.png","reveal_on_scroll":false,"image_position":"start","content_width":"sm","remove_vertical_spacing":true}},"image_with_text_X63LnA":{"type":"image-with-text","blocks":{"heading_pjFHpw":{"type":"heading","settings":{"text":"Received as a Gift","heading_tag":"h4"}},"richtext_6xBm6D":{"type":"richtext","settings":{"content":"<p>If you have proof of purchase with an order number, please email us at <a>info@odoba.co<\/a>. We'll generate the form and shipping label needed to return your jewellery.<\/p><p>Our Customer Care Team will contact you once we receive your jewellery. Be sure to retain a copy thr tracking information for your records.<\/p><p>If you didn't receive a gift receipt, please ask the purchaser for a copy of the proof of purchase. If this isn't possible, contact us and we'll do our best to assist you.<\/p>"}}},"block_order":["heading_pjFHpw","richtext_6xBm6D"],"settings":{"color_scheme":"","separate_section_with_border":false,"image":"shopify:\/\/shop_images\/1_e91ce7b4-c126-41be-aca4-f97f875f3d67.png","reveal_on_scroll":false,"image_position":"end","content_width":"sm","remove_vertical_spacing":true}},"image_with_text_begCVG":{"type":"image-with-text","blocks":{"heading_JrF8V8":{"type":"heading","settings":{"text":"No Proof of Purchase","heading_tag":"h4"}},"richtext_yTKQQm":{"type":"richtext","settings":{"content":"<p>Use this text to share information about your brand with your customers. Describe a product, share announcements, or welcome customers to your store.<\/p>"}}},"block_order":["heading_JrF8V8","richtext_yTKQQm"],"disabled":true,"settings":{"color_scheme":"","separate_section_with_border":false,"image":"shopify:\/\/shop_images\/7_60c3ff2d-c6db-4362-ae6c-a8bd38983a05.png","reveal_on_scroll":false,"image_position":"start","content_width":"sm","remove_vertical_spacing":true}}},"order":["main","image_with_text_overlay_kidec8","rich_text_HqrUtc","multi_column_CEhKm3","collection_list_6VbRYy","image_with_text_KRp7yi","image_with_text_X63LnA","image_with_text_begCVG"]}