{"sections":{"image_with_text_overlay_pthNdW":{"type":"image-with-text-overlay","blocks":{"richtext_NjtC4d":{"type":"richtext","settings":{"content":"<h2>Leather Goods Packaging<\/h2>"}}},"block_order":["richtext_NjtC4d"],"settings":{"color_scheme":"scheme-ae220975-7a0f-4eb4-9b70-600dac492ea0","image_size":"sm","image":"shopify:\/\/shop_images\/WhatsApp_Image_2024-05-04_at_23.14.49_04f41e86.jpg","allow_transparent_header":true,"reveal_on_scroll":false,"remove_vertical_spacing":true,"content_width":"md","mobile_text_position":"place-self-center text-center","desktop_text_position":"sm:place-self-center sm:text-center","overlay_color":"#000000","overlay_opacity":0}},"main":{"type":"main-page","disabled":true,"custom_css":[],"settings":{"color_scheme":"scheme-a148d179-9d90-4566-86fe-0c008217e3a0","show_title":false,"page_width":"xs"}},"multiple_media_with_text_7nqU4A":{"type":"multiple-media-with-text","blocks":{"image_6mWjfe":{"type":"image","settings":{"image":"shopify:\/\/shop_images\/5_6750045b-f32a-4ccf-9fdf-b22ebb382b69.png","rotation":0}},"image_kFiXJY":{"type":"image","settings":{"image":"shopify:\/\/shop_images\/19_994934a0-d2f0-4569-871c-2a62096cd059.png","rotation":0}}},"block_order":["image_6mWjfe","image_kFiXJY"],"settings":{"color_scheme":"scheme-1","reveal_on_scroll":false,"separate_section_with_border":false,"media_position_desktop":"before_text","media_position_mobile":"before_text","media_layout":"overlap","media_alignment":"center","media_alignment_offset":80,"media_mobile_alignment_offset":40,"text_alignment":"center","subheading":"","title":"","content":"<p>Our handbags and small leather goods are carefully placed in cotton dust bags crafted in our Romanian artisan's workshop. Each order is shipped in a 100% compostable and recyclable box, using exclusively FSC-certified paper and other environmentally conscious packaging materials. This decision helps us to ensure that our packaging process aligns with our values of environmental responsibility and conscious consumption.<\/p>","button_1_text":"","button_1_link":"","button_1_style":"outline","button_2_text":"","button_2_link":"","button_2_style":"outline"}},"collection_list_QcyFcD":{"type":"collection-list","blocks":{"collection_YhzaeC":{"type":"collection","settings":{"color_scheme":"scheme-1","collection":"","expand_collection":false,"content_position":"place-self-end-start text-start","subheading":"Our Designs","title":"","button_text":"","button_link":"shopify:\/\/pages\/leather-goods-design","overlay_color":"#000000","overlay_opacity":0}},"collection_tEQ4n8":{"type":"collection","settings":{"color_scheme":"scheme-1","collection":"","expand_collection":false,"content_position":"place-self-end-start text-start","subheading":"Our Materials","title":"","button_text":"","button_link":"shopify:\/\/pages\/materials","overlay_color":"#000000","overlay_opacity":0}},"collection_jX6Mwt":{"type":"collection","settings":{"color_scheme":"scheme-1","collection":"","expand_collection":false,"content_position":"place-self-end-start text-start","subheading":"Our Tanneries & Manufacturers","title":"","button_text":"","button_link":"shopify:\/\/pages\/leather-goods-manufactures","overlay_color":"#000000","overlay_opacity":0}},"collection_p3C9Vw":{"type":"collection","settings":{"color_scheme":"scheme-1","collection":"","expand_collection":false,"content_position":"place-self-end-start text-start","subheading":"Our Packaging","title":"","button_text":"","button_link":"shopify:\/\/pages\/handbag-packaging","overlay_color":"#000000","overlay_opacity":0}}},"block_order":["collection_YhzaeC","collection_tEQ4n8","collection_jX6Mwt","collection_p3C9Vw"],"settings":{"color_scheme":"scheme-1","separate_section_with_border":false,"image_size":"auto","show_text_outside":true,"space_items":true,"stack_collections":true,"collections_per_row_desktop":4,"subheading":"","title":"","content":""}}},"order":["image_with_text_overlay_pthNdW","main","multiple_media_with_text_7nqU4A","collection_list_QcyFcD"]}