{"sections":{"image_with_text_overlay_zPDFDy":{"type":"image-with-text-overlay","settings":{"color_scheme":"","image_size":"xs","image":"shopify:\/\/shop_images\/DEFA3844-7694-476D-808D-BEE038107C40.jpg","allow_transparent_header":false,"reveal_on_scroll":true,"remove_vertical_spacing":true,"content_width":"md","mobile_text_position":"place-self-center text-center","desktop_text_position":"sm:place-self-center sm:text-center","overlay_color":"#000000","overlay_opacity":0}},"main":{"type":"main-page","custom_css":[],"settings":{"color_scheme":"scheme-1","show_title":true,"page_width":"full"}},"rich_text_hHXWAp":{"type":"rich-text","blocks":{"richtext_NdXWGE":{"type":"richtext","settings":{"content":"<p>Our leather goods are handcrafted in Romania to the highest quality standards, by artisans using the finest materials.<\/p><p>Our leathers are sourced exclusively from Leather Working Group (LWG) certified tanneries.<\/p><p>It is possible for colour variations and markings to appear in the leathers. These are naturally occurring features that add to the uniqueness of your piece and should not be thought of as imperfections.<\/p>"}}},"block_order":["richtext_NdXWGE"],"settings":{"color_scheme":"","separate_section_with_border":false,"content_width":"sm","text_position":"center","remove_vertical_spacing":false}},"collection_list_tedz3P":{"type":"collection-list","blocks":{"collection_xPK734":{"type":"collection","settings":{"color_scheme":"scheme-2","collection":"croc-embossed-leather","image":"shopify:\/\/shop_images\/1_e91ce7b4-c126-41be-aca4-f97f875f3d67.png","expand_collection":false,"content_position":"place-self-end-start text-start","subheading":"Cocco Jenny New Effect Croco","title":"","button_text":"","button_link":"","overlay_color":"#44250b","overlay_opacity":0}},"collection_WjhcpU":{"type":"collection","settings":{"color_scheme":"scheme-1","collection":"nappa-leather","image":"shopify:\/\/shop_images\/4_5d783302-9dc5-48dd-b0b9-19ad7055c045.png","expand_collection":false,"content_position":"place-self-end-start text-start","subheading":"Lille Nappa","title":"","button_text":"","button_link":"","overlay_color":"#000000","overlay_opacity":0}},"collection_nFiWXE":{"type":"collection","settings":{"color_scheme":"scheme-1","collection":"patent-leather","image":"shopify:\/\/shop_images\/2_8f5e226c-eed4-4ea2-80ac-297c83a84055.png","expand_collection":false,"content_position":"place-self-end-start text-start","subheading":"Piuma Patent","title":"","button_text":"","button_link":"","overlay_color":"#000000","overlay_opacity":0}}},"block_order":["collection_xPK734","collection_WjhcpU","collection_nFiWXE"],"settings":{"color_scheme":"scheme-1","separate_section_with_border":false,"image_size":"auto","show_text_outside":true,"space_items":true,"stack_collections":false,"collections_per_row_desktop":3,"subheading":"","title":"","content":""}},"rich_text_bye9jG":{"type":"rich-text","blocks":{"richtext_w3JCTk":{"type":"richtext","settings":{"content":"<ol><li><strong>Keep it Clean:<\/strong> Regularly dust or wipe down leather items with a soft, dry cloth to remove surface dirt and dust. For more thorough cleaning, use a mild leather cleaner specifically designed for the type of leather you have.<\/li><li><strong>Avoid Moisture:<\/strong> Leather is susceptible to damage from moisture, so it's essential to keep it dry. If leather gets wet, gently pat it dry with a clean cloth and allow it to air dry naturally away from direct heat sources. Avoid using a hairdryer or placing leather items in direct sunlight, as this can cause the leather to become brittle or fade.<\/li><li><strong>Condition Regularly:<\/strong> Leather can dry out over time, leading to cracks and stiffness. To keep leather supple and moisturized, apply a leather conditioner or cream periodically according to the manufacturer's instructions. Conditioning helps restore the natural oils in the leather and keeps it soft and flexible.<\/li><li><strong>Store Properly:<\/strong> When not in use, store leather items in a cool, dry place away from direct sunlight. Avoid folding or crushing leather items, as this can cause creases or permanent damage. Use dust bags or covers to protect leather bags and accessories from dust and scratches.<\/li><li><strong>Handle with Care:<\/strong> Be gentle when handling leather items to avoid scratches, scuffs, or tears. Avoid placing heavy or sharp objects on leather surfaces, as this can cause permanent damage. When wearing leather garments, be mindful of rubbing against rough surfaces that can cause abrasions.<\/li><li><strong>Protect from Sunlight:<\/strong> Prolonged exposure to sunlight can cause leather to fade and become discolored. Whenever possible, store leather items away from direct sunlight or use curtains, blinds, or UV-blocking products to protect them from sun damage.<\/li><li><strong>Give it a Break: <\/strong>To preserve its beauty, give your leather good time to rest. When you are not using it, make sure to provide it with the best possible preservation conditions: a temperate, dry environment away from light, preferably in its original  dust cover. To maintain its silhouette, place acid-free tissue paper inside and make sure the straps are proper position. We recommend that you do not use anti-humidity sachets, as they have a drying effect on leather.<\/li><li><strong>Professional Cleaning:<\/strong> For stubborn stains or deep cleaning, consider taking leather items to a professional leather cleaner. Professional cleaners have the expertise and specialized products to safely clean and restore leather without causing damage.<\/li><\/ol><p>By following these general leather care instructions, you can help protect and preserve your leather items, ensuring they maintain their beauty and durability for years to come.<\/p>"}}},"block_order":["richtext_w3JCTk"],"settings":{"color_scheme":"","separate_section_with_border":true,"content_width":"sm","text_position":"center","remove_vertical_spacing":false}},"image_with_text_3dHHWq":{"type":"image-with-text","blocks":{"subheading_J6WDke":{"type":"subheading","settings":{"text":"<span style=\"text-decoration:underline\"><strong>Cocco Jenny New Effect Croco<\/strong><\/span>"}},"richtext_UaVeCi":{"type":"richtext","settings":{"content":"<p>An entirely handmade leather, Cocco Jenny New Effect Croco  is meticulously embossed to replicate the intricate patterns of genuine crocodile leather, creating a mesmerizing visual and tactile experience that exudes sophistication and refinement.<\/p><p>This resilient by-product leather combines the elegance of crocodile texture with the artistry of hand-painted detailing, resulting in a distinctive nuanced one of a kind leathers.<\/p>"}}},"block_order":["subheading_J6WDke","richtext_UaVeCi"],"disabled":true,"settings":{"color_scheme":"scheme-1","separate_section_with_border":false,"image":"shopify:\/\/shop_images\/1_6e11942d-4d9b-479b-8432-3ce164e5c0d4.png","reveal_on_scroll":false,"image_position":"start","content_width":"sm","remove_vertical_spacing":true}},"image_with_text_fgRbLk":{"type":"image-with-text","blocks":{"subheading_mhkiEM":{"type":"subheading","settings":{"text":"<span style=\"text-decoration:underline\"><strong>LILLE NAPPA<\/strong><\/span>"}},"richtext_c6DBPF":{"type":"richtext","settings":{"content":"<p>With its unparalleled softness and exquisite hand, Lille Nappa is a full grain calfskin leather that elevates the art of leather craftsmanship.<\/p><p>As soft as a whisper and as luxurious as a dream, Lille Nappa caresses the senses with its velvety touch and supple texture.<\/p>"}}},"block_order":["subheading_mhkiEM","richtext_c6DBPF"],"disabled":true,"settings":{"color_scheme":"","separate_section_with_border":false,"image":"shopify:\/\/shop_images\/4_b879bcfc-80de-4c1c-8d60-1e02061b7c75.png","reveal_on_scroll":false,"image_position":"end","content_width":"sm","remove_vertical_spacing":true}},"image_with_text_eMaU3B":{"type":"image-with-text","blocks":{"subheading_axibDg":{"type":"subheading","settings":{"text":"<span style=\"text-decoration:underline\"><strong>Piuma Patent<\/strong><\/span>"}},"richtext_a8pVcJ":{"type":"richtext","settings":{"content":"<p>A nod to timeless luxury and contemporary flair, Piuma Patent leather embodies the essence of refined craftsmanship and exquisite design, redefining the boundaries of sartorial excellence.<\/p><p>The patent finish adds a touch of modern allure, while the nappa leather's inherent softness ensures a comfortable and luxurious feel.<\/p>"}}},"block_order":["subheading_axibDg","richtext_a8pVcJ"],"disabled":true,"settings":{"color_scheme":"","separate_section_with_border":false,"image":"shopify:\/\/shop_images\/2_14d210e0-3f43-4f8a-8525-28ffec4cfa68.png","reveal_on_scroll":false,"image_position":"start","content_width":"sm","remove_vertical_spacing":true}},"rich_text_w3tMKQ":{"type":"rich-text","blocks":{"heading_TBTPNU":{"type":"heading","settings":{"text":"Lining","heading_tag":"h3"}}},"block_order":["heading_TBTPNU"],"disabled":true,"settings":{"color_scheme":"","separate_section_with_border":true,"content_width":"sm","text_position":"center","remove_vertical_spacing":false}},"image_with_text_cDxLnz":{"type":"image-with-text","blocks":{"subheading_ejpYPV":{"type":"subheading","settings":{"text":"Sensory Suede"}},"richtext_XbNhEW":{"type":"richtext","settings":{"content":"<p>...<\/p>"}}},"block_order":["subheading_ejpYPV","richtext_XbNhEW"],"disabled":true,"settings":{"color_scheme":"","separate_section_with_border":true,"image":"shopify:\/\/shop_images\/3_ae1125e0-df20-448a-898d-67c1a90ee060.png","reveal_on_scroll":true,"image_position":"end","content_width":"sm","remove_vertical_spacing":true}},"image_with_text_Kh7Uwp":{"type":"image-with-text","blocks":{"subheading_FcMXyL":{"type":"subheading","settings":{"text":"<span style=\"text-decoration:underline\"><strong>Gemstones<\/strong><\/span>"}},"richtext_b48t98":{"type":"richtext","settings":{"content":"<p>Our gemstones are lab grown to reflect our commitment to integrity and quality. We use gemstones valued for their beauty and meaning in our storytelling creations.<\/p>"}},"richtext_AKkcJD":{"type":"richtext","settings":{"content":"<p><span style=\"text-decoration:underline\">How to take care of precious gemstones<\/span><\/p><ul><li>To clean your gemstone and restore its shine, scrub lightly with a soft-bristled brush, warm water and detergent-free soap<\/li><li>Avoid chemicals or excessive temperatures when cleaning<\/li><li>Store in a safe, dry place when not worn to protect them from the elements of daily exposure<\/li><\/ul>"}}},"block_order":["subheading_FcMXyL","richtext_b48t98","richtext_AKkcJD"],"disabled":true,"settings":{"color_scheme":"","separate_section_with_border":true,"image":"shopify:\/\/shop_images\/6_8a5fe5a9-4130-4f7c-b6fe-58c3426a1771.png","reveal_on_scroll":true,"image_position":"start","content_width":"sm","remove_vertical_spacing":true}}},"order":["image_with_text_overlay_zPDFDy","main","rich_text_hHXWAp","collection_list_tedz3P","rich_text_bye9jG","image_with_text_3dHHWq","image_with_text_fgRbLk","image_with_text_eMaU3B","rich_text_w3tMKQ","image_with_text_cDxLnz","image_with_text_Kh7Uwp"]}