{"sections":{"main":{"type":"main-page","disabled":true,"custom_css":[],"settings":{"color_scheme":"scheme-1","show_title":true,"page_width":"full"}},"faq_3dmQr4":{"type":"faq","blocks":{"category_pK6XPQ":{"type":"category","settings":{"title":"Account","icon":"picto-avatar","icon_width":20}},"question_9aDXtd":{"type":"question","settings":{"question":"How can I create an account on ODOBA.co?","answer":"<p>Opening an account is very easy. Simply follow these steps:<\/p><ol><li>Click on \"My Account\" icon at the top right corner of the homepage.<\/li><li>Complete your first and last name, email, and create a password.<\/li><\/ol><p>Alternatively, when you place an order, you will be prompted to save your information with your email address and password.<\/p>"}},"question_G8z6nY":{"type":"question","settings":{"question":"How can I track my order?","answer":"<p>When your order is shipped, you will receive an email with a tracking link to follow your order. You may also contact our carrier for any questions regarding your shipment. Additionally, you can track your order through your account customer portal:<\/p><ol><li>Log in to your account at <a href=\"https:\/\/www.odoba.co\/account\">odoba.co\/account<\/a>.<\/li><li>Navigate to your order history.<\/li><li>Click on the order you wish to track to view the tracking details.<\/li><\/ol>"}},"question_9wcfia":{"type":"question","settings":{"question":"How do I reset my password?","answer":"<p>If you forget your password, follow these steps to reset it:<\/p><ol><li>Go to the login page on <a href=\"https:\/\/www.odoba.co\/account\">odoba.co\/account<\/a>.<\/li><li>Click on the \"Forgot your passwrod?\" button.<\/li><li>Enter your registered email address.<\/li><li>You will receive an email with a link to create a new password.<\/li><li>Click on the link and follow the instructions to set a new password.<\/li><\/ol>"}},"question_TamAQG":{"type":"question","settings":{"question":"What are the benefits of creating an account?","answer":"<p>Creating an account enables you to be quickly identified when shopping on our website. An account offers you a safe, easy, and fast way to order. Your account saves information like order history, billing, and shipping address. You may also follow up on your orders placed. Your password assures that only you can access the information on your account.<\/p>"}},"category_iq3wJr":{"type":"category","settings":{"title":"Shipping Information","icon":"picto-delivery-truck","icon_width":20}},"question_AfXBcY":{"type":"question","settings":{"question":"What countries does ODOBA.co deliver to?","answer":"<p>At this moment, our online boutique delivers only within the United States. Please contact our Customer Service Team at <a>info@odoba.co<\/a> if you have any additional questions.<\/p>"}},"question_xwrj3P":{"type":"question","settings":{"question":"What delivery services are available?","answer":"<p>We use FedEx for all our deliveries. We may deliver your order to your personal postal address; a signature is required to retrieve your parcel.<\/p>"}},"question_q9kyg6":{"type":"question","settings":{"question":"Is the delivery of your order free?","answer":"<p>Ọdọba offers free standard delivery on all orders within the United States. Free shipping will be applied to your order at checkout.<\/p>"}},"question_tEhECK":{"type":"question","settings":{"question":"What is the delivery time for my order?","answer":"<p>Orders are generally delivered between 2–4 business days from the moment the shipping confirmation email is sent. Kindly note that delays may be caused by delays in payment authorizations, product availability, or customs delays. During our sales period, the large amount of orders may also result in longer delivery times.<\/p><p>For all made-to-order pieces, including all 18k solid gold items, please note that production takes 4-6 weeks. The delivery time will be in addition to this production period.<\/p><p>Handbags are made in small batches by our Romanian artisan partner. After a small batch is sold out, they will be available for pre-order. Delivery for pre-ordered handbags will occur once the new batch has been crafted and ready for shipment.<\/p>"}},"question_jUwA79":{"type":"question","settings":{"question":"Has my order been shipped?","answer":"<p>Once your order is shipped, you will receive a confirmation email with the tracking number. Your parcel is fully traceable on the carrier’s website using the tracking number received. Don't hesitate to contact our carrier or our customer service for any further questions.<\/p>"}},"question_RPkp3F":{"type":"question","settings":{"question":"I haven’t received my order. What should I do?","answer":"<p>If you haven't received your order, we kindly invite you to open a claim with your carrier and contact our customer service at <a>info@odoba.co<\/a>. Please note that any claim regarding the delivery must be submitted within 14 working days following the expected delivery date of the parcel.<\/p><p>*After this period, we are not able to claim any lost orders.<\/p>"}},"category_8dkWNE":{"type":"category","settings":{"title":"Orders","icon":"picto-box","icon_width":20}},"question_BWLD68":{"type":"question","settings":{"question":"How can I find my size?","answer":"<p>Our rings are made to order and available in sizes ranging from 3 to 16.<\/p><p>Our pendants can be adjusted on a slider up to 22 inches.<\/p><p>To find your size, please refer to our <a href=\"\/pages\/size-guide\" title=\"Size Guide\">Size Guide<\/a> available on our website for each product. If you need further assistance, our customer service team is happy to help. You can reach them at <a>info@odoba.co<\/a>.<\/p>"}},"question_H6cB3m":{"type":"question","settings":{"question":"If a product is not in stock, when will it be available again?","answer":"<p>Ọdọba offers a selection of products from our latest collection, Ala Igbo. Our stock is made in small batches and made to order, so we update it regularly. If the piece you would like to purchase is not available, we kindly invite you to subscribe to our waitlist or pre-order (available on the product information page).<\/p>"}},"question_GxJm73":{"type":"question","settings":{"question":"Can I be notified when the item is available again?","answer":"<p>If the piece you are looking for is not available for purchase, you can sign up for our waiting list to be notified when it becomes available. You may also have the option to pre-order the piece when it is back in stock.<\/p>"}},"question_ARmcUJ":{"type":"question","settings":{"question":"Can I cancel or modify my order?","answer":"<p>If you wish to cancel or modify your order, please contact us via email at <a>info@odoba.co<\/a>. We will let you know if the change is possible. Unfortunately, if we have already sent you the dispatch confirmation email, we are unable to change or cancel your order, although you will still have the right to return the item for a refund or exchange within 100 days of delivery.<\/p>"}},"category_97UViP":{"type":"category","settings":{"title":"Payments","icon":"picto-credit-card","icon_width":20}},"question_dyAKG3":{"type":"question","settings":{"question":"What are the payment methods available?","answer":"<p>We accept various payment methods for your convenience. You can pay using major credit or debit cards through Stripe, including Visa, MasterCard, and American Express. Additionally, we also accept payments via PayPal.<\/p>"}},"question_yYKPYf":{"type":"question","settings":{"question":"Why was my payment refused?","answer":"<p>Please kindly contact your bank in case your payment is declined or cancelled.<\/p>"}},"question_BCimhc":{"type":"question","settings":{"question":"Where can I find my invoice?","answer":"<p>Your invoice can be found in your account by visiting the \"Order history\" section. If you placed your order as a guest, your invoice will be sent by email along with your order confirmation.<\/p>"}},"category_NQxim3":{"type":"category","settings":{"title":"Returns & Exchanges","icon":"picto-return","icon_width":20}},"question_N8fmf8":{"type":"question","settings":{"question":"What is your return policy?","answer":"<p>You may cancel an order at any time before your order is delivered and up to 100 days afterward, beginning on the day the order is delivered to you or someone appointed by you (other than the carrier) receives the order. By canceling the order, you may return any items purchased from us within 100 days and request a refund or an exchange.<\/p><p>To initiate a return, please follow these steps:<\/p><ol><li>Visit <a href=\"https:\/\/www.odoba.co\/tools\/returns\">www.odoba.co\/tools\/returns<\/a> to process your return.<\/li><li>Enter your email address or phone number and order number (found at the top of your order confirmation email) into our online portal.<\/li><li>A form and prepaid shipping label will be generated for you to send your items back to us.<\/li><\/ol><p>If you can't find your order number, you can log in to your account at <a href=\"https:\/\/www.odoba.co\/account\">odoba.co\/account<\/a> to see a list of all your orders. Please ensure you retain a copy of your proof of postage for your records.<\/p><h3>Conditions<\/h3><ul><li>Orders must be returned in their original condition.<\/li><li>Orders that have been engraved or otherwise made to your bespoke specifications cannot be returned or exchanged unless they were damaged, defective, or incorrectly delivered.<\/li><li>If the value of the new items exceeds the original value, you will be required to pay the difference. Should the value of the new items be lower than the original value, the difference will be credited to the original payment method.<\/li><\/ul>"}},"question_U8JYV7":{"type":"question","settings":{"question":"Can I exchange a product?","answer":"<p>Yes, you can exchange a product. To initiate an exchange, please follow these steps:<\/p><ol><li>Visit <a href=\"https:\/\/www.odoba.co\/tools\/returns\">www.odoba.co\/tools\/returns<\/a> to process your exchange.<\/li><li>Enter your email address or phone number and order number (found at the top of your order confirmation email) into our online portal.<\/li><li>A form and prepaid shipping label will be generated for you to send your items back to us.<\/li><\/ol><p>If the value of the new items exceeds the original value, you will be required to pay the difference. Should the value of the new items be lower than the original value, the difference will be credited to the original payment method.<\/p><p>If you can't find your order number, you can log in to your account at <a href=\"https:\/\/www.odoba.co\/account\">odoba.co\/account<\/a> to see a list of all your orders. Please ensure you retain a copy of your proof of postage for your records.<\/p><p>Please note that items that have been engraved or otherwise made to your bespoke specifications cannot be exchanged unless they were damaged, defective, or incorrectly delivered.<\/p>"}},"question_MHQLHY":{"type":"question","settings":{"question":"How do I return my order?","answer":"<p>Returning your order is simple and convenient with our pre-paid label. Follow these steps to return your order:<\/p><ol><li><strong>Register Your Return Online<\/strong>: Visit <a href=\"https:\/\/www.odoba.co\/tools\/returns\">www.odoba.co\/tools\/returns<\/a> to start the return process.<\/li><li><strong>Enter Details<\/strong>: Input your email address or phone number and order number (found at the top of your order confirmation email) into our online portal.<\/li><li><strong>Generate Label<\/strong>: A form and pre-paid shipping label will be generated for you.<\/li><li><strong>Package Your Items<\/strong>: Securely package your items, including the return form and any original packaging if possible.<\/li><li><strong>Attach Label<\/strong>: Attach the pre-paid shipping label to your package.<\/li><li><strong>Send Your Package<\/strong>: Drop off your package at the designated carrier location.<\/li><\/ol><p>If you can't find your order number, you can log in to your account at <a href=\"https:\/\/www.odoba.co\/account\">odoba.co\/account<\/a> to see a list of all your orders. Please ensure you retain a copy of your proof of postage for your records.<\/p>"}},"question_wfQt6K":{"type":"question","settings":{"question":"Do I need to pay if I want to return my order?","answer":"<p>No, you do not need to pay to return your order. All returns are free of charge. Please make sure to use the pre-paid label provided in your parcel to send your items back to us.<\/p>"}},"question_wRM4bD":{"type":"question","settings":{"question":"What should I do if my parcel arrived damaged?","answer":"<p>If your parcel arrives damaged, please contact our customer service team at <a>info@odoba.co<\/a> as soon as possible. Make sure to take pictures of the damaged parcel and keep the package for further inspection by our carrier. This will help us resolve the issue quickly and efficiently.<\/p>"}},"question_XDJH8U":{"type":"question","settings":{"question":"What should I do if I receive a faulty item?","answer":"<p>If you receive a faulty or damaged item, please contact our customer service team at <a>info@odoba.co<\/a> upon receipt of the item. Any faulty item must be reported within 14 days of receiving the order. This will help us address the issue promptly and provide you with a suitable resolution.<\/p>"}},"question_z8y9Mi":{"type":"question","settings":{"question":"When will I receive the refund for my order?","answer":"<p>The refund for your order will be processed within 14 business days upon receipt of the returned item. Please kindly note that we reserve the right to decline a refund if the item was not sent back in its original condition (worn, damaged, etc.). The refund will be issued directly to the payment method used for the original purchase.<\/p>"}},"question_K4gXcK":{"type":"question","settings":{"question":"Did you receive my returned order?","answer":"<p>We will send you a confirmation email as soon as the refund is processed. The refunded amount will be credited to your account within 14 business days, subject to your bank’s policy. Please keep the tracking number for your return to track the returned order.<\/p>"}},"category_D4JVmy":{"type":"category","settings":{"title":"Size Guide","icon":"picto-jewelry","icon_width":20}},"question_ihAgTG":{"type":"question","settings":{"question":"How do I find my ring size?","answer":"<p>To find your ring size, please refer to our <a href=\"\/pages\/size-guide\" title=\"Size Guide\">Size Guide<\/a> available on our website. The guide provides detailed instructions and tips to help you determine the perfect ring size. If you need further assistance, our customer service team is happy to help. You can reach them at <a>info@odoba.co<\/a>.<\/p>"}}},"block_order":["category_pK6XPQ","question_9aDXtd","question_G8z6nY","question_9wcfia","question_TamAQG","category_iq3wJr","question_AfXBcY","question_xwrj3P","question_q9kyg6","question_tEhECK","question_jUwA79","question_RPkp3F","category_8dkWNE","question_BWLD68","question_H6cB3m","question_GxJm73","question_ARmcUJ","category_97UViP","question_dyAKG3","question_yYKPYf","question_BCimhc","category_NQxim3","question_N8fmf8","question_U8JYV7","question_MHQLHY","question_wfQt6K","question_wRM4bD","question_XDJH8U","question_z8y9Mi","question_K4gXcK","category_D4JVmy","question_ihAgTG"],"settings":{"color_scheme":"","separate_section_with_border":false,"show_categories":true,"subheading":"","title":"Frequently Asked Questions","content":""}}},"order":["main","faq_3dmQr4"]}