{"sections":{"image_with_text_overlay_9WEzcT":{"type":"image-with-text-overlay","blocks":{"heading_VJWYWD":{"type":"heading","settings":{"text":"{{ page.title }}","heading_tag":"h4"}}},"block_order":["heading_VJWYWD"],"disabled":true,"settings":{"color_scheme":"scheme-3","image_size":"xs","allow_transparent_header":true,"reveal_on_scroll":false,"remove_vertical_spacing":true,"content_width":"md","mobile_text_position":"place-self-center text-center","desktop_text_position":"sm:place-self-center sm:text-center","overlay_color":"#000000","overlay_opacity":30}},"main":{"type":"main-page","disabled":true,"custom_css":[],"settings":{"color_scheme":"scheme-1","show_title":true,"page_width":"full"}},"logo_list_qFNx69":{"type":"logo-list","blocks":{"logo_BznKrT":{"type":"logo","settings":{"logo":"{{ page.metafields.custom.logo.value }}","logo_width":200,"link":""}}},"block_order":["logo_BznKrT"],"settings":{"color_scheme":"","separate_section_with_border":false,"subheading":"","title":"","items_per_row":5,"logo_item_background":"","logo_item_border":""}},"rich_text_mJyBGa":{"type":"rich-text","blocks":{"richtext_fGimNE":{"type":"richtext","settings":{"content":"<p>{{ page.metafields.custom.partners_descriptions | metafield_tag }}<\/p>"}}},"block_order":["richtext_fGimNE"],"settings":{"color_scheme":"","separate_section_with_border":false,"content_width":"sm","text_position":"center","remove_vertical_spacing":false}}},"order":["image_with_text_overlay_9WEzcT","main","logo_list_qFNx69","rich_text_mJyBGa"]}