{"sections":{"fe9d533e-6de1-4c19-9e7c-49108b6b59f2":{"type":"slideshow","blocks":{"template--16063734022303__fe9d533e-6de1-4c19-9e7c-49108b6b59f2-167976976567b20107-1":{"type":"image","settings":{"image":"shopify:\/\/shop_images\/19.png","subheading":"","title":"","mobile_text_position":"place-self-center text-center","desktop_text_position":"sm:place-self-center sm:text-center","content_max_width":780,"button_1_text":"","button_1_link":"","button_1_style":"solid","button_1_background":"#ffffff","button_1_text_color":"#000000","button_2_text":"","button_2_link":"","button_2_style":"outline","button_2_background":"#ffffff","button_2_text_color":"#000000","background":"","background_opacity":50,"text_color":"#ffffff","border_color":"","gradient_overlay":"linear-gradient(180deg, rgba(NaN, NaN, NaN, 0), rgba(4, 4, 4, 0.65) 100%)"}},"image_wCNfgH":{"type":"image","disabled":true,"settings":{"image":"shopify:\/\/shop_images\/18.png","subheading":"","title":"","mobile_text_position":"place-self-center text-center","desktop_text_position":"sm:place-self-center sm:text-center","content_max_width":780,"button_1_text":"","button_1_link":"","button_1_style":"link","button_1_background":"#ffffff","button_1_text_color":"#000000","button_2_text":"","button_2_link":"","button_2_style":"outline","button_2_background":"#ffffff","button_2_text_color":"#44250b","background":"","background_opacity":50,"text_color":"#ffffff","border_color":"","gradient_overlay":"linear-gradient(0deg, rgba(68, 37, 11, 0.4), rgba(4, 4, 4, 0.65) 100%)"}}},"block_order":["template--16063734022303__fe9d533e-6de1-4c19-9e7c-49108b6b59f2-167976976567b20107-1","image_wCNfgH"],"settings":{"allow_transparent_header":true,"show_next_section_button":false,"media_size":"md","autoplay":true,"autoplay_pause_on_video":true,"cycle_speed":5,"background":"#000000","controls_color":"#ffffff"}},"rich_text_aUhgBx":{"type":"rich-text","blocks":{"subheading_xyznp3":{"type":"subheading","settings":{"text":"\/awe-duh-bah\/"}},"heading_whbyic":{"type":"heading","settings":{"text":"ỌDỌBA","heading_tag":"h4"}},"richtext_ULGQrW":{"type":"richtext","settings":{"content":"<p>Rooted in the rich soil of Oguta, an enchanting Igbo town nestled in Imo State, Nigeria, the name Ọdọba exudes a regal essence, echoing the radiant majesty of queenship. In Oguta, \"Ọdọba\" (queen) is synonymous with leadership, fortitude, and elegance—a title bestowed upon those who embody the quintessence of grace and strength.<\/p><p>As guardians of tradition and custodians of heritage, we honor the legacy of the name Ọdọba and the esteemed lineage it represents. With every exquisite creation, we endeavor to celebrate the indomitable spirit of queenship, inviting all to embrace the regal virtues that define our shared cultural tapestry.<\/p>"}}},"block_order":["subheading_xyznp3","heading_whbyic","richtext_ULGQrW"],"settings":{"color_scheme":"","separate_section_with_border":false,"content_width":"sm","text_position":"center","remove_vertical_spacing":false}},"image_with_text_YE9CrC":{"type":"image-with-text","blocks":{"subheading_NgjzYk":{"type":"subheading","settings":{"text":"our story"}},"heading_fEUeD8":{"type":"heading","settings":{"text":"how it started","heading_tag":"h4"}},"richtext_mBnJUy":{"type":"richtext","settings":{"content":"<p>Embracing her Nigerian-American identity and her innate passion for fashion, she envisioned a harmonious fusion that would seamlessly intertwine the narratives of her heritage with the rich cultural tapestries of her peers.<\/p><p>Driven by a profound sense of purpose and a desire to bridge the divide between tradition and modernity, Ọdọba embarked on a transformative journey, crafting a brand that serves as a testament to the beauty of cultural intersectionality. Thus, from the crucible of her experiences and aspirations, Ọdọba the brand emerged—a beacon of inclusivity, empowerment, and the enduring allure of heritage reimagined through the lens of contemporary fashion.<\/p>"}}},"block_order":["subheading_NgjzYk","heading_fEUeD8","richtext_mBnJUy"],"settings":{"color_scheme":"scheme-1","separate_section_with_border":false,"reveal_on_scroll":false,"image_position":"start","content_width":"sm","remove_vertical_spacing":true}},"image_with_text_Rkfb7b":{"type":"image-with-text","blocks":{"subheading_HPDypV":{"type":"subheading","settings":{"text":"OUR ETHICS"}},"heading_XPcWUc":{"type":"heading","settings":{"text":"EVERYONE SHOULD PROSPER","heading_tag":"h4"}},"richtext_TVUUYV":{"type":"richtext","settings":{"content":"<p>At the heart of our ethos lies a fervent commitment to promote virtues of camaraderie, integrity, nobility, and respect, interwoven with threads of kindness, love, and inclusivity that bind humanity together. From the intricacies of communication to the intricacies of production and philanthropy, every facet of our operation reflects our unwavering dedication to fostering a world where creativity thrives and every individual finds their rightful place of belonging. This holistic approach ensures that our endeavors resonate with authenticity, echoing the timeless values that define the essence of Ọdọba.<\/p>"}}},"block_order":["subheading_HPDypV","heading_XPcWUc","richtext_TVUUYV"],"settings":{"color_scheme":"","separate_section_with_border":false,"reveal_on_scroll":false,"image_position":"end","content_width":"sm","remove_vertical_spacing":true}},"image_with_text_YWUjYt":{"type":"image-with-text","blocks":{"richtext_ACRJ8g":{"type":"richtext","settings":{"content":"<p>At Ọdọba, we aim to transcend the confines of mere brandhood, embodying a beacon of enlightenment, camaraderie, and grace. With each collection, we embark on a cultural odyssey, celebrating the rich tapestry of traditions that bind us together, fostering understanding, and admiration for our global kinship.<\/p><p>Our creations are more than just exquisite adornments—they are tokens of love, symbols of heritage, and vessels of wisdom, crafted to be cherished, treasured, and passed down through the ages. With Ọdọba, the journey is not just about acquiring possessions; it's about embracing a legacy of elegance, generosity, and everlasting beauty.<\/p>"}}},"block_order":["richtext_ACRJ8g"],"settings":{"color_scheme":"","separate_section_with_border":false,"reveal_on_scroll":false,"image_position":"start","content_width":"sm","remove_vertical_spacing":true}},"image_with_text_Ni3Lxt":{"type":"image-with-text","blocks":{"heading_U4jLHj":{"type":"heading","settings":{"text":"JEWELLERY","heading_tag":"h4"}},"richtext_i4h8Di":{"type":"richtext","settings":{"content":"<p>From recycled gold and silver to lab-grown gemstones, each element is thoughtfully selected to capture the essence of sustainable luxury and ethical beauty.<\/p><p>Every piece in our collection is more than just a jewel—it is a narrative, a testament to the rich tapestry of culture and tradition that inspires us. With intricate designs and exquisite craftsmanship, our jewellery pieces serve as cherished heirlooms, embodying the enduring power of storytelling and the timeless allure of heritage.<\/p>"}}},"block_order":["heading_U4jLHj","richtext_i4h8Di"],"settings":{"color_scheme":"","separate_section_with_border":false,"reveal_on_scroll":false,"image_position":"end","content_width":"sm","remove_vertical_spacing":true}},"image_with_text_mpRMxa":{"type":"image-with-text","blocks":{"heading_EQXcbY":{"type":"heading","settings":{"text":"LEATHER GOODS","heading_tag":"h4"}},"richtext_bzXAT7":{"type":"richtext","settings":{"content":"<p>Indulge in the exquisite craftsmanship of our leather goods, meticulously crafted from premium quality ethically and environmentally friendly tanned leather with a luxurious calf suede lining. Each piece is designed to exude timeless elegance, boasting silhouettes that transcend fleeting trends and become cherished heirlooms for generations to come.<\/p><p>Handcrafted with passion and precision by our remarkably talented artisan in Romania, our leather goods epitomize the perfect fusion of artistry, quality, and sustainability. <\/p>"}}},"block_order":["heading_EQXcbY","richtext_bzXAT7"],"settings":{"color_scheme":"","separate_section_with_border":false,"reveal_on_scroll":false,"image_position":"start","content_width":"sm","remove_vertical_spacing":true}},"image_with_text_4MNLWJ":{"type":"image-with-text","blocks":{"richtext_MfULBT":{"type":"richtext","settings":{"content":"<p>As a first-generation immigrant, Ọdọba envisions her brand as a beacon of empowerment, giving voice to the marginalized and inspiring all who seek knowledge and understanding.<\/p><p>With unwavering dedication, Ọdọba the brand endeavors to extend a hand of support and solidarity to communities in need, shining a light on their stories and championing their causes. It is Ọdọba's aims to foster a culture of inclusivity and compassion, encouraging dialogue, empathy, and the pursuit of enlightenment.<\/p><p>In the spirit of unity and shared humanity, Ọdọba's vision transcends mere fashion—it is a testament to the transformative power of empathy, advocacy, and collective action. By amplifying the voices of the underrepresented and nurturing a culture of education and awareness, she aspires to build a more compassionate and equitable world for generations to come.<\/p>"}}},"block_order":["richtext_MfULBT"],"settings":{"color_scheme":"","separate_section_with_border":false,"reveal_on_scroll":false,"image_position":"end","content_width":"sm","remove_vertical_spacing":true}},"rich_text_kYer77":{"type":"rich-text","blocks":{"richtext_K6Ay4z":{"type":"richtext","settings":{"content":"<p>Through our creations, we strive to capture the essence of leadership, strength, and grace, infusing each piece with the timeless allure of royalty.<\/p><p>Prepare to be enthralled as we invite you on a journey of discovery and delight, where every piece tells a story of passion, ingenuity, and artistry. <\/p><p>Join us as we embark on this extraordinary adventure, where tradition meets innovation and every detail is infused with the essence of Ọdọba's distinctive charm. Together, let us celebrate the magic of creativity and craftsmanship, and revel in the timeless allure of our exquisite collections.<\/p>"}}},"block_order":["richtext_K6Ay4z"],"settings":{"color_scheme":"","separate_section_with_border":false,"content_width":"sm","text_position":"center","remove_vertical_spacing":false}},"image_with_text_overlay_YmWwHy":{"type":"image-with-text-overlay","settings":{"color_scheme":"scheme-a148d179-9d90-4566-86fe-0c008217e3a0","image_size":"xs","image":"shopify:\/\/shop_images\/focused-view-of-the-desert.jpg","allow_transparent_header":false,"reveal_on_scroll":true,"remove_vertical_spacing":true,"content_width":"md","mobile_text_position":"place-self-center text-center","desktop_text_position":"sm:place-self-center sm:text-center","overlay_color":"#44250b","overlay_opacity":30}},"main":{"type":"main-page","disabled":true,"custom_css":[],"settings":{"color_scheme":"","show_title":true,"page_width":"xs"}}},"order":["fe9d533e-6de1-4c19-9e7c-49108b6b59f2","rich_text_aUhgBx","image_with_text_YE9CrC","image_with_text_Rkfb7b","image_with_text_YWUjYt","image_with_text_Ni3Lxt","image_with_text_mpRMxa","image_with_text_4MNLWJ","rich_text_kYer77","image_with_text_overlay_YmWwHy","main"]}