{"sections":{"image_with_text_overlay_pthNdW":{"type":"image-with-text-overlay","blocks":{"richtext_NjtC4d":{"type":"richtext","settings":{"content":"<h2>Tanneries & Manufacturers<\/h2>"}}},"block_order":["richtext_NjtC4d"],"settings":{"color_scheme":"scheme-4","image_size":"auto","image":"shopify:\/\/shop_images\/Untitled_design_34.png","allow_transparent_header":true,"reveal_on_scroll":false,"remove_vertical_spacing":true,"content_width":"md","mobile_text_position":"place-self-center text-center","desktop_text_position":"sm:place-self-center sm:text-center","overlay_color":"#000000","overlay_opacity":0}},"main":{"type":"main-page","disabled":true,"custom_css":[],"settings":{"color_scheme":"scheme-a148d179-9d90-4566-86fe-0c008217e3a0","show_title":false,"page_width":"xs"}},"multiple_media_with_text_7nqU4A":{"type":"multiple-media-with-text","blocks":{"image_6mWjfe":{"type":"image","settings":{"image":"shopify:\/\/shop_images\/5_6750045b-f32a-4ccf-9fdf-b22ebb382b69.png","rotation":0}},"image_kFiXJY":{"type":"image","settings":{"image":"shopify:\/\/shop_images\/19_994934a0-d2f0-4569-871c-2a62096cd059.png","rotation":0}}},"block_order":["image_6mWjfe","image_kFiXJY"],"settings":{"color_scheme":"scheme-4","reveal_on_scroll":false,"separate_section_with_border":false,"media_position_desktop":"before_text","media_position_mobile":"before_text","media_layout":"overlap","media_alignment":"center","media_alignment_offset":80,"media_mobile_alignment_offset":40,"text_alignment":"center","subheading":"","title":"Our Partners","content":"<p>Our partnership with our esteemed leather tanneries mirrors our collaboration with our female Romanian artisan—a fusion of shared values, dedication to craftsmanship, and a steadfast commitment to sustainability.<\/p>","button_1_text":"","button_1_link":"","button_1_style":"outline","button_2_text":"","button_2_link":"","button_2_style":"outline"}},"multiple_media_with_text_xTiYKy":{"type":"multiple-media-with-text","blocks":{"image_nwdM8E":{"type":"image","settings":{"image":"shopify:\/\/shop_images\/3_06b3765d-5411-4169-abf4-2c0248aea97a.png","rotation":0}},"image_neMCBy":{"type":"image","settings":{"image":"shopify:\/\/shop_images\/17_edf303f5-3e33-4ae9-b7c4-235628926c80.png","rotation":0}}},"block_order":["image_nwdM8E","image_neMCBy"],"settings":{"color_scheme":"scheme-4","reveal_on_scroll":false,"separate_section_with_border":false,"media_position_desktop":"after_text","media_position_mobile":"before_text","media_layout":"overlap","media_alignment":"start","media_alignment_offset":80,"media_mobile_alignment_offset":40,"text_alignment":"center","subheading":"","title":"","content":"<p>With precision and expertise, our partner tanneries transform raw materials into exquisite leathers, prioritizing ethical sourcing and environmentally conscious practices.<\/p>","button_1_text":"","button_1_link":"","button_1_style":"solid","button_2_text":"","button_2_link":"","button_2_style":"solid"}},"multiple_media_with_text_34HqYB":{"type":"multiple-media-with-text","blocks":{"image_a6hX86":{"type":"image","settings":{"image":"shopify:\/\/shop_images\/4_651e2363-db66-4d77-bec0-1c93922653d4.png","rotation":0}},"image_NTaC39":{"type":"image","settings":{"image":"shopify:\/\/shop_images\/2_9541b80a-995e-46f8-b221-d39f0ba16b0d.png","rotation":0}}},"block_order":["image_a6hX86","image_NTaC39"],"settings":{"color_scheme":"scheme-4","reveal_on_scroll":false,"separate_section_with_border":false,"media_position_desktop":"before_text","media_position_mobile":"before_text","media_layout":"overlap","media_alignment":"end","media_alignment_offset":80,"media_mobile_alignment_offset":40,"text_alignment":"center","subheading":"","title":"","content":"<p>Our female Romanian artisan, working in small batches, imbues each handbag with meticulous attention to detail and a passion for quality.<\/p>","button_1_text":"","button_1_link":"","button_1_style":"solid","button_2_text":"","button_2_link":"","button_2_style":"solid"}},"rich_text_6Ky7Ff":{"type":"rich-text","blocks":{"richtext_gEwFf8":{"type":"richtext","settings":{"content":"<h4><strong>Together, we champion ethical production, sustainability, and quality, ensuring that every handbag reflects our dedication to responsible craftsmanship and timeless elegance.<\/strong><\/h4>"}}},"block_order":["richtext_gEwFf8"],"settings":{"color_scheme":"scheme-4","separate_section_with_border":false,"content_width":"xs","text_position":"center","remove_vertical_spacing":true}},"multiple_media_with_text_mDVFHQ":{"type":"multiple-media-with-text","blocks":{"image_CNbykU":{"type":"image","settings":{"image":"shopify:\/\/shop_images\/Untitled_design_16.png","rotation":0}},"image_mCHUgG":{"type":"image","settings":{"image":"shopify:\/\/shop_images\/WhatsAppImage2024-03-12at14.18.33_5682e79d.jpg","rotation":0}}},"block_order":["image_CNbykU","image_mCHUgG"],"settings":{"color_scheme":"scheme-4","reveal_on_scroll":false,"separate_section_with_border":false,"media_position_desktop":"after_text","media_position_mobile":"before_text","media_layout":"separated","media_alignment":"center","media_alignment_offset":0,"media_mobile_alignment_offset":0,"text_alignment":"center","subheading":"","title":"","content":"<p>We've partnered with a female Romanian artisan is a master of her craft, infusing each handbag with precision and passion. Working in small batches, she brings our designs to life with meticulous attention to detail and a dedication to quality. Together, we prioritize sustainability and ethical practices, ensuring that every piece reflects our commitment to responsible production. Collaborating closely, we strive to create handbags that not only embody elegance and functionality but also contribute to a more sustainable and conscious fashion industry.<\/p>","button_1_text":"","button_1_link":"","button_1_style":"solid","button_2_text":"","button_2_link":"","button_2_style":"solid"}},"multi_column_p9e4KC":{"type":"multi-column","blocks":{"image_with_text_xQyyPK":{"type":"image_with_text","settings":{"title":"","heading_tag":"h3","content":"<p>Leather Tannery<\/p><h4><strong>Pisa, Italy<\/strong><\/h4>","link_url":"","link_text":""}},"image_with_text_LEwkQW":{"type":"image_with_text","settings":{"title":"","heading_tag":"h3","content":"<p>Leather Tannery<\/p><h4><strong>Vicenza, Italy<\/strong><\/h4>","link_url":"","link_text":""}},"image_with_text_raRWH8":{"type":"image_with_text","settings":{"title":"","heading_tag":"h3","content":"<p>Leather Tannery<\/p><h4><strong>Caserta, Italy<\/strong><\/h4>","link_url":"","link_text":""}},"image_with_text_PmFCA6":{"type":"image_with_text","settings":{"title":"","heading_tag":"h3","content":"<p>Textile Manufacturer<\/p><h4><strong>Alicante, Spain<\/strong><\/h4>","link_url":"","link_text":""}},"image_with_text_VBgnVw":{"type":"image_with_text","settings":{"title":"","heading_tag":"h3","content":"<p>Mirror & Hardware Manufacturer<\/p><h4><strong>GUANGDONG PROVINCE, CHINA<\/strong><\/h4>","link_url":"","link_text":""}},"image_with_text_FtJWbq":{"type":"image_with_text","settings":{"title":"","heading_tag":"h3","content":"<p>Leather Goods Artisan<\/p><h4><strong>BUCHAREST, ROMANIA<\/strong><\/h4>","link_url":"","link_text":""}}},"block_order":["image_with_text_xQyyPK","image_with_text_LEwkQW","image_with_text_raRWH8","image_with_text_PmFCA6","image_with_text_VBgnVw","image_with_text_FtJWbq"],"settings":{"color_scheme":"scheme-4","separate_section_with_border":false,"columns_per_row":3,"stack_on_mobile":true,"overlap_image":false,"content_alignment":"center","text_alignment":"center","spacing":"xs","subheading":"","title":"","content":""}},"collection_list_QcyFcD":{"type":"collection-list","blocks":{"collection_YhzaeC":{"type":"collection","settings":{"color_scheme":"scheme-4","collection":"","expand_collection":false,"content_position":"place-self-end-start text-start","subheading":"Our Designs","title":"","button_text":"","button_link":"shopify:\/\/pages\/leather-goods-design","overlay_color":"#000000","overlay_opacity":0}},"collection_tEQ4n8":{"type":"collection","settings":{"color_scheme":"scheme-4","collection":"","expand_collection":false,"content_position":"place-self-end-start text-start","subheading":"Our Materials","title":"","button_text":"","button_link":"shopify:\/\/pages\/materials","overlay_color":"#000000","overlay_opacity":0}},"collection_jX6Mwt":{"type":"collection","settings":{"color_scheme":"scheme-4","collection":"","expand_collection":false,"content_position":"place-self-end-start text-start","subheading":"Our Tanneries & Manufacturers","title":"","button_text":"","button_link":"shopify:\/\/pages\/leather-goods-manufactures","overlay_color":"#000000","overlay_opacity":0}},"collection_p3C9Vw":{"type":"collection","settings":{"color_scheme":"scheme-4","collection":"","expand_collection":false,"content_position":"place-self-end-start text-start","subheading":"Our Packaging","title":"","button_text":"","button_link":"shopify:\/\/pages\/handbag-packaging","overlay_color":"#000000","overlay_opacity":0}}},"block_order":["collection_YhzaeC","collection_tEQ4n8","collection_jX6Mwt","collection_p3C9Vw"],"settings":{"color_scheme":"scheme-4","separate_section_with_border":false,"image_size":"auto","show_text_outside":true,"space_items":true,"stack_collections":true,"collections_per_row_desktop":4,"subheading":"","title":"","content":""}}},"order":["image_with_text_overlay_pthNdW","main","multiple_media_with_text_7nqU4A","multiple_media_with_text_xTiYKy","multiple_media_with_text_34HqYB","rich_text_6Ky7Ff","multiple_media_with_text_mDVFHQ","multi_column_p9e4KC","collection_list_QcyFcD"]}