{"sections":{"main":{"type":"main-page","custom_css":[],"settings":{"color_scheme":"scheme-1","show_title":true,"page_width":"full"}},"custom_liquid_tAkBkj":{"type":"custom-liquid","custom_css":[],"settings":{"color_scheme":"","separate_section_with_border":true,"remove_vertical_spacing":false,"remove_horizontal_spacing":false,"liquid":"\u003cbody\u003e\n    \u003cdiv class=\"container\"\u003e\n      \u003cdiv class=\"boxContainer\"\u003e\n        \u003cdiv onmouseover=\"togglebox('one')\" id=\"box1\" class=\"widthSeventy\"\u003e\n          \u003cdiv class=\"tenetContainer\"\u003e\n            \u003cp class=\"endText\"\u003eTenet\u0026nbsp;Highlight\u003c\/p\u003e\n          \u003c\/div\u003e\n          \u003cdiv id=\"box1Texts\" class=\"box1Texts\"\u003e\n            \u003ch4 class=\"tenetText\"\u003eTenet Highlight\u003c\/h4\u003e\n            \u003ch6 class=\"tenetNoun\"\u003e\n              TENET NOUN:\u003cbr \/\u003eA TENET IS A PRINCIPLE OR BELIEF\n            \u003c\/h6\u003e\n            \u003cdiv style=\"\n                width: 100%;\n                text-align: center;\n                display: flex;\n                justify-content: center;\n              \"\u003e\n              \u003cp class=\"heirloomText\"\u003e\n                And like all heirlooms, these pieces tell a story. Each tenet\n                can be expressed via multiple symbols from our lexicon. Discover\n                our latest tenet highlight.\n              \u003c\/p\u003e\n            \u003c\/div\u003e\n            \u003cdiv class=\"exploreText\"\u003eEXPLORE ALL TENETS\u003c\/div\u003e\n          \u003c\/div\u003e\n        \u003c\/div\u003e\n        \u003cdiv onmouseover=\"togglebox('two')\" id=\"box2\" class=\"widthTen\"\u003e\n          \u003cdiv id=\"box2Texts\" class=\"box2Texts\"\u003e\n            \u003ch4 class=\"reverieText\"\u003eReverie.\u003cbr \/\u003eThe Path to Joy\u003c\/h4\u003e\n            \u003cdiv class=\"reverieContainer\"\u003e\n              \u003cdiv class=\"reveriebox1\"\u003e\n                \u003cimg width=\"220\" height=\"280\" style=\"border-radius: 20px; margin-top: 80px\"\n                  src=\"https:\/\/res.cloudinary.com\/dltwxrndj\/image\/upload\/v1715935355\/joy_img_k7ejjv.webp\"\n                  alt=\"jewelry\" \/\u003e\n              \u003c\/div\u003e\n              \u003cdiv class=\"reveriebox2\"\u003e\n                \u003cp\n                  style=\"font-size: 18px; line-height: 27px; margin-top: 80px;color: #e0e0e0; padding-left: 50px; padding-right: 50px; box-sizing: border-box;\"\u003e\n                  Joy is fulfilling what we are meant to be. Closing the gap\n                  between who we are and who we present to the world is our\n                  greatest challenge and the only path to joy. When how we\n                  appear is really who we are, joy animates us and lets our soul\n                  soar freely - like a butterfly.\n                \u003c\/p\u003e\n              \u003c\/div\u003e\n            \u003c\/div\u003e\n          \u003c\/div\u003e\n          \u003cdiv class=\"tenetContainer2\"\u003e\n            \u003cp class=\"endText\"\u003eReverie\u003c\/p\u003e\n          \u003c\/div\u003e\n        \u003c\/div\u003e\n        \u003cdiv onmouseover=\"togglebox('three')\" id=\"box3\" class=\"widthTen\"\u003e\n          \u003cdiv id=\"box3Texts\" class=\"box3Texts\"\u003e\n            \u003ch4 class=\"reverieText\"\u003eInternal Compass.\u003cbr \/\u003eAll change starts within and then radiates outwards\u003c\/h4\u003e\n            \u003cdiv class=\"reverieContainer\"\u003e\n              \u003cdiv class=\"reveriebox1\"\u003e\n                \u003cimg width=\"220\" height=\"280\" style=\"border-radius: 20px; margin-top: 80px\"\n                  src=\"https:\/\/res.cloudinary.com\/dltwxrndj\/image\/upload\/v1715935285\/compass_img_qkasje.webp\"\n                  alt=\"jewelry\" \/\u003e\n              \u003c\/div\u003e\n              \u003cdiv class=\"reveriebox2\"\u003e\n                \u003cp\n                  style=\"font-size: 18px; line-height: 27px; margin-top: 80px;color: #e0e0e0; padding-left: 50px; padding-right: 50px; box-sizing: border-box;\"\u003e\n                  All change starts within and radiates outwards. The cardinal directions of the compass are in\n                  mirror-image; it's only with self-reflection can the right path be determined.\n                \u003c\/p\u003e\n              \u003c\/div\u003e\n            \u003c\/div\u003e\n          \u003c\/div\u003e\n          \u003cdiv class=\"tenetContainer3\"\u003e\n            \u003cp class=\"endText\"\u003eInternal\u0026nbsp;Compass\u003c\/p\u003e\n          \u003c\/div\u003e\n        \u003c\/div\u003e\n        \u003cdiv onmouseover=\"togglebox('four')\" id=\"box4\" class=\"widthTen\"\u003e\n          \u003cdiv id=\"box4Texts\" class=\"box4Texts\"\u003e\n            \u003ch4 class=\"reverieText\"\u003eTrue Love.\u003cbr \/\u003eLove binds the heart forever.\u003c\/h4\u003e\n            \u003cdiv class=\"reverieContainer\"\u003e\n              \u003cdiv class=\"reveriebox1\"\u003e\n                \u003cimg width=\"220\" height=\"280\" style=\"border-radius: 20px; margin-top: 80px\"\n                  src=\"https:\/\/res.cloudinary.com\/dltwxrndj\/image\/upload\/v1715935439\/true_love_img_xggoyw.webp\"\n                  alt=\"jewelry\" \/\u003e\n              \u003c\/div\u003e\n              \u003cdiv class=\"reveriebox2\"\u003e\n                \u003cp\n                  style=\"font-size: 18px; line-height: 27px; margin-top: 80px;color: #e0e0e0; padding-left: 50px; padding-right: 50px; box-sizing: border-box;\"\u003e\n                  Love is what makes our heart beat. Love gives life meaning and purpose. Love is defined by all 7 types\n                  of love.\n                \u003c\/p\u003e\n              \u003c\/div\u003e\n            \u003c\/div\u003e\n          \u003c\/div\u003e\n          \u003cdiv class=\"tenetContainer4\"\u003e\n            \u003cp class=\"endText\"\u003eTrue\u0026nbsp;Love\u003c\/p\u003e\n          \u003c\/div\u003e\n        \u003c\/div\u003e\n      \u003c\/div\u003e\n\n      \u003cdiv class=\"boxContainer2\"\u003e\n        \u003cdiv onmouseover=\"togglebox('one')\" id=\"box12\" class=\"heightSeventy\"\u003e\n          \u003cdiv class=\"tenetContainer12\"\u003e\n            \u003cp class=\"endText12\"\u003eTenet Highlight\u003c\/p\u003e\n          \u003c\/div\u003e\n          \u003cdiv id=\"box1Texts2\" class=\"box1Texts\"\u003e\n            \u003ch4 class=\"tenetText2\"\u003eTenet Highlight\u003c\/h4\u003e\n            \u003ch6 class=\"tenetNoun2\"\u003e\n              TENET NOUN:\u003cbr \/\u003eA TENET IS A PRINCIPLE OR BELIEF\n            \u003c\/h6\u003e\n            \u003cdiv style=\"\n                width: 100%;\n                text-align: center;\n                display: flex;\n                justify-content: center;\n              \"\u003e\n              \u003cp class=\"heirloomText\"\u003e\n                And like all heirlooms, these pieces tell a story. Each tenet\n                can be expressed via multiple symbols from our lexicon. Discover\n                our latest tenet highlight.\n              \u003c\/p\u003e\n            \u003c\/div\u003e\n            \u003cdiv class=\"exploreText\"\u003eEXPLORE ALL TENETS\u003c\/div\u003e\n          \u003c\/div\u003e\n        \u003c\/div\u003e\n        \u003cdiv onmouseover=\"togglebox('two')\" id=\"box22\" class=\"heightTen\"\u003e\n          \u003cdiv id=\"box2Texts2\" class=\"displayNone\"\u003e\n            \u003ch4 class=\"reverieText2\"\u003eReverie.\u003cbr \/\u003eThe Path to Joy\u003c\/h4\u003e\n            \u003cdiv class=\"reverieContainer2\"\u003e\n              \u003cdiv class=\"reveriebox1\"\u003e\n                \u003cimg width=\"120\" height=\"180\" style=\"border-radius: 20px; margin-top: 20px\"\n                  src=\"https:\/\/res.cloudinary.com\/dltwxrndj\/image\/upload\/v1715935355\/joy_img_k7ejjv.webp\"\n                  alt=\"jewelry\" \/\u003e\n              \u003c\/div\u003e\n              \u003cdiv class=\"reveriebox2\"\u003e\n                \u003cp\n                  style=\"font-size: 18px; line-height: 27px; margin-top: 20px;color: #e0e0e0; padding-left: 20px; padding-right: 20px; box-sizing: border-box;\"\u003e\n                  Joy is fulfilling what we are meant to be. Closing the gap\n                  between who we are and who we present to the world is our\n                  greatest challenge and the only path to joy.\n                \u003c\/p\u003e\n              \u003c\/div\u003e\n            \u003c\/div\u003e\n          \u003c\/div\u003e\n          \u003cdiv class=\"tenetContainer12\"\u003e\n            \u003cp class=\"endText12\"\u003eReverie\u003c\/p\u003e\n          \u003c\/div\u003e\n        \u003c\/div\u003e\n        \u003cdiv onmouseover=\"togglebox('three')\" id=\"box32\" class=\"heightTen\"\u003e\n          \u003cdiv id=\"box3Texts2\" class=\"displayNone\"\u003e\n            \u003ch4 class=\"reverieText2\"\u003eInternal Compass.\u003cbr \/\u003eAll change starts within and then radiates outwards\u003c\/h4\u003e\n            \u003cdiv class=\"reverieContainer2\"\u003e\n              \u003cdiv class=\"reveriebox1\"\u003e\n                \u003cimg width=\"120\" height=\"180\" style=\"border-radius: 20px; margin-top: 20px\"\n                  src=\"https:\/\/res.cloudinary.com\/dltwxrndj\/image\/upload\/v1715935285\/compass_img_qkasje.webp\"\n                  alt=\"jewelry\" \/\u003e\n              \u003c\/div\u003e\n              \u003cdiv class=\"reveriebox2\"\u003e\n                \u003cp\n                  style=\"font-size: 18px; line-height: 27px; margin-top: 20px;color: #e0e0e0; padding-left: 20px; padding-right: 20px; box-sizing: border-box;\"\u003e\n                  All change starts within and radiates outwards. The cardinal directions of the compass are in\n                  mirror-image.\n                \u003c\/p\u003e\n              \u003c\/div\u003e\n            \u003c\/div\u003e\n          \u003c\/div\u003e\n          \u003cdiv class=\"tenetContainer12\"\u003e\n            \u003cp class=\"endText12\"\u003eInternal\u0026nbsp;Compass\u003c\/p\u003e\n          \u003c\/div\u003e\n        \u003c\/div\u003e\n        \u003cdiv onmouseover=\"togglebox('four')\" id=\"box42\" class=\"heightTen\"\u003e\n          \u003cdiv id=\"box4Texts2\" class=\"displayNone\"\u003e\n            \u003ch4 class=\"reverieText2\"\u003eTrue Love.\u003cbr \/\u003eLove binds the heart forever.\u003c\/h4\u003e\n            \u003cdiv class=\"reverieContainer2\"\u003e\n              \u003cdiv class=\"reveriebox1\"\u003e\n                \u003cimg width=\"120\" height=\"180\" style=\"border-radius: 20px; margin-top: 20px\"\n                  src=\"https:\/\/res.cloudinary.com\/dltwxrndj\/image\/upload\/v1715935439\/true_love_img_xggoyw.webp\"\n                  alt=\"jewelry\" \/\u003e\n              \u003c\/div\u003e\n              \u003cdiv class=\"reveriebox2\"\u003e\n                \u003cp\n                  style=\"font-size: 18px; line-height: 27px; margin-top: 20px;color: #e0e0e0; padding-left: 20px; padding-right: 20px; box-sizing: border-box;\"\u003e\n                  Love is what makes our heart beat. Love gives life meaning and purpose. Love is defined by all 7 types\n                  of love.\n                \u003c\/p\u003e\n              \u003c\/div\u003e\n            \u003c\/div\u003e\n          \u003c\/div\u003e\n          \u003cdiv class=\"tenetContainer12\"\u003e\n            \u003cp class=\"endText12\"\u003eTrue\u0026nbsp;Love\u003c\/p\u003e\n          \u003c\/div\u003e\n        \u003c\/div\u003e\n      \u003c\/div\u003e\n    \u003c\/div\u003e\n  \u003c\/body\u003e\n\n\n\n\n\n\u003cscript\u003e\n var box1 = true;\n    var box2 = false;\n    var box3 = false;\n    var box4 = false;\n\n    function togglebox(num) {\n      if (num == \"one\") {\n        document.getElementById(\"box1\").className = \"widthSeventy\";\n        document.getElementById(\"box2\").className = \"widthTen\";\n        document.getElementById(\"box3\").className = \"widthTen\";\n        document.getElementById(\"box4\").className = \"widthTen\";\n        document.getElementById(\"box1Texts\").className = \"box1Texts\";\n        document.getElementById(\"box2Texts\").className = \"displayNone\";\n        document.getElementById(\"box3Texts\").className = \"displayNone\";\n        document.getElementById(\"box4Texts\").className = \"displayNone\";\n        document.getElementById(\"box12\").className = \"heightSeventy\";\n        document.getElementById(\"box22\").className = \"heightTen\";\n        document.getElementById(\"box32\").className = \"heightTen\";\n        document.getElementById(\"box42\").className = \"heightTen\";\n        document.getElementById(\"box1Texts2\").className = \"box1Texts\";\n        document.getElementById(\"box2Texts2\").className = \"displayNone\";\n        document.getElementById(\"box3Texts2\").className = \"displayNone\";\n        document.getElementById(\"box4Texts2\").className = \"displayNone\";\n      }\n      if (num == \"two\") {\n        document.getElementById(\"box1\").className = \"widthTen\";\n        document.getElementById(\"box2\").className = \"widthSeventy\";\n        document.getElementById(\"box3\").className = \"widthTen\";\n        document.getElementById(\"box4\").className = \"widthTen\";\n        document.getElementById(\"box1Texts\").className = \"displayNone\";\n        document.getElementById(\"box2Texts\").className = \"box2Texts\";\n        document.getElementById(\"box3Texts\").className = \"displayNone\";\n        document.getElementById(\"box4Texts\").className = \"displayNone\";\n        document.getElementById(\"box12\").className = \"heightTen\";\n        document.getElementById(\"box22\").className = \"heightSeventy\";\n        document.getElementById(\"box32\").className = \"heightTen\";\n        document.getElementById(\"box42\").className = \"heightTen\";\n        document.getElementById(\"box1Texts2\").className = \"displayNone\";\n        document.getElementById(\"box2Texts2\").className = \"box2Texts\";\n        document.getElementById(\"box3Texts2\").className = \"displayNone\";\n        document.getElementById(\"box4Texts2\").className = \"displayNone\";\n      }\n      if (num == \"three\") {\n        document.getElementById(\"box1\").className = \"widthTen\";\n        document.getElementById(\"box2\").className = \"widthTen\";\n        document.getElementById(\"box3\").className = \"widthSeventy\";\n        document.getElementById(\"box4\").className = \"widthTen\";\n        document.getElementById(\"box1Texts\").className = \"displayNone\";\n        document.getElementById(\"box2Texts\").className = \"displayNone\";\n        document.getElementById(\"box3Texts\").className = \"box3Texts\";\n        document.getElementById(\"box4Texts\").className = \"displayNone\";\n        document.getElementById(\"box12\").className = \"heightTen\";\n        document.getElementById(\"box22\").className = \"heightTen\";\n        document.getElementById(\"box32\").className = \"heightSeventy\";\n        document.getElementById(\"box42\").className = \"heightTen\";\n        document.getElementById(\"box1Texts2\").className = \"displayNone\";\n        document.getElementById(\"box2Texts2\").className = \"displayNone\";\n        document.getElementById(\"box3Texts2\").className = \"box3Texts\";\n        document.getElementById(\"box4Texts2\").className = \"displayNone\";\n      }\n      if (num == \"four\") {\n        document.getElementById(\"box1\").className = \"widthTen\";\n        document.getElementById(\"box2\").className = \"widthTen\";\n        document.getElementById(\"box3\").className = \"widthTen\";\n        document.getElementById(\"box4\").className = \"widthSeventy\";\n        document.getElementById(\"box1Texts\").className = \"displayNone\";\n        document.getElementById(\"box2Texts\").className = \"displayNone\";\n        document.getElementById(\"box3Texts\").className = \"displayNone\";\n        document.getElementById(\"box4Texts\").className = \"box4Texts\";\n        document.getElementById(\"box12\").className = \"heightTen\";\n        document.getElementById(\"box22\").className = \"heightTen\";\n        document.getElementById(\"box32\").className = \"heightTen\";\n        document.getElementById(\"box42\").className = \"heightSeventy\";\n        document.getElementById(\"box1Texts2\").className = \"displayNone\";\n        document.getElementById(\"box2Texts2\").className = \"displayNone\";\n        document.getElementById(\"box3Texts2\").className = \"displayNone\";\n        document.getElementById(\"box4Texts2\").className = \"box4Texts\";\n      }\n    }\n  \u003c\/script\u003e\n\n\n\n\n\u003cstyle\u003e\n.displayClass {\n  display: block;\n}\n\n.displayNone {\n  display: none;\n}\n\n.boxContainer {\n  width: 100%;\n  height: 700px;\n  display: flex;\n  flex-direction: row;\n}\n\n.boxContainer2 {\n  width: 100%;\n  height: 600px;\n  display: none;\n  flex-direction: column;\n}\n\n#box1 {\n  background-color: rgb(13, 18, 24);\n  border-right: 1px solid #535a62;\n  display: flex;\n  flex-direction: row;\n  position: relative\n    \/* text-align: center; *\/\n}\n\n#box2 {\n  background-color: rgb(13, 18, 24);\n  border-left: 1px solid #535a62;\n  border-right: 1px solid #535a62;\n  display: flex;\n  flex-direction: row;\n  position: relative;\n}\n\n#box3 {\n  background-color: rgb(13, 18, 24);\n  border-left: 1px solid #535a62;\n  border-right: 1px solid #535a62;\n  display: flex;\n  flex-direction: row;\n  position: relative;\n}\n\n#box4 {\n  background-color: rgb(13, 18, 24);\n  border-left: 1px solid #535a62;\n  display: flex;\n  flex-direction: row;\n  position: relative;\n}\n\n#box12 {\n  background-color: rgb(13, 18, 24);\n  border-top: 1px solid #535a62;\n  border-bottom: 1px solid #535a62;\n  display: flex;\n  flex-direction: column;\n  \/* text-align: center; *\/\n}\n\n#box22 {\n  background-color: rgb(13, 18, 24);\n  border-top: 1px solid #535a62;\n  border-bottom: 1px solid #535a62;\n  display: flex;\n  flex-direction: column;\n}\n\n#box32 {\n  background-color: rgb(13, 18, 24);\n  border-top: 1px solid #535a62;\n  border-bottom: 1px solid #535a62;\n  display: flex;\n  flex-direction: column;\n}\n\n#box42 {\n  background-color: rgb(13, 18, 24);\n  border-top: 1px solid #535a62;\n  border-bottom: 1px solid #535a62;\n  display: flex;\n  flex-direction: column;\n}\n\n.box1Texts {\n  width: 100%;\n  text-align: center;\n  display: block;\n}\n\n.box2Texts {\n  width: 100%;\n  text-align: center;\n  display: block;\n}\n\n.box3Texts {\n  width: 100%;\n  text-align: center;\n  display: block;\n}\n\n.box4Texts {\n  width: 100%;\n  text-align: center;\n  display: block;\n}\n\n.widthSeventy {\n  width: 70%;\n  height: 100%;\n  transition: width 0.5s ease;\n  \/* Transition only the width property over 0.5 seconds with easing *\/\n}\n\n.widthTen {\n  width: 10%;\n  height: 100%;\n  transition: width 0.5s ease;\n  \/* Transition only the width property over 0.5 seconds with easing *\/\n}\n\n.heightSeventy {\n  width: 100%;\n  height: 61%;\n  transition: height 0.5s ease;\n}\n\n.heightTen {\n  width: 100%;\n  height: 13%;\n  transition: height 0.5s ease;\n}\n\n.tenetText {\n  color: #e0e0e0;\n  font-weight: 300;\n  margin-top: 100px;\n  font-size: 22px;\n}\n\n.tenetText2 {\n  color: #e0e0e0;\n  font-weight: 300;\n  margin-top: 30px;\n  font-size: 22px;\n}\n\n.reverieText {\n  color: #e0e0e0;\n  font-weight: 300;\n  margin-top: 100px;\n  font-size: 22px;\n}\n\n.reverieText2 {\n  color: #e0e0e0;\n  font-weight: 300;\n  margin-top: 30px;\n  font-size: 22px;\n}\n\n.endText {\n  \/* transform: rotateY(45deg);\n    background-color: blue;\n    transform-origin: start; *\/\n  writing-mode: vertical-rl;\n  \/* Vertical text, from right to left *\/\n  transform: rotate(-180deg);\n  \/* Adjust rotation as needed *\/\n  color: #e0e0e0;\n  height: 0;\n  font-size: 20px;\n}\n\n.endText12 {\n  \/* transform: rotateY(45deg);\n    background-color: blue;\n    transform-origin: start; *\/\n  \/* Vertical text, from right to left *\/\n  \/* Adjust rotation as needed *\/\n  color: #e0e0e0;\n  height: 0;\n  font-size: 20px;\n}\n\n.tenetContainer {\n  height: 200px;\n  \/* Example height *\/\n  \/* padding-top: 80px; *\/\n  padding-top: 85px;\n  padding-left: 20px;\n  width: 0;\n  display: flex;\n  justify-content: center;\n  align-items: center;\n  position: absolute;\n  left: 0\n}\n\n.tenetContainer12 {\n  \/* height: 200px; *\/\n  \/* Example height *\/\n  \/* padding-top: 80px; *\/\n  \/* padding-top: 0px; *\/\n  width: 100%;\n  text-align: center;\n}\n\n.tenetContainer2 {\n  height: 200px;\n  \/* Example height *\/\n  padding-top: 30px;\n  padding-right: 20px;\n  width: 0;\n  display: flex;\n  justify-content: center;\n  align-items: center;\n  position: absolute;\n  right: 0;\n}\n\n.tenetContainer3 {\n  height: 200px;\n  \/* Example height *\/\n  padding-top: 105px;\n  padding-right: 20px;\n  width: 0;\n  display: flex;\n  justify-content: center;\n  align-items: center;\n  position: absolute;\n  right: 0;\n}\n\n.tenetContainer4 {\n  height: 200px;\n  \/* Example height *\/\n  padding-top: 50px;\n  padding-right: 20px;\n  width: 0;\n  display: flex;\n  justify-content: center;\n  align-items: center;\n  position: absolute;\n  right: 0;\n}\n\n.tenetNoun {\n  color: #919191;\n  text-align: center;\n  margin-top: 100px;\n  line-height: 1.64;\n}\n\n.tenetNoun2 {\n  color: #919191;\n  text-align: center;\n  margin-top: 20px;\n  line-height: 1.64;\n}\n\n.heirloomText {\n  font-size: 18px;\n  text-align: center;\n  color: #e0e0e0;\n  line-height: 1.64;\n  width: 350px;\n}\n\n.exploreText {\n  margin-top: 50px;\n  border: 2px solid #fff;\n  border-radius: 6px;\n  color: white;\n  font-size: 10px;\n  display: inline-flex;\n  letter-spacing: 1.5px;\n  padding: 14px 30px;\n  align-items: center;\n  justify-content: center;\n  text-align: center;\n  cursor: pointer;\n  transition: background-color 0.5s ease;\n  \/* Transition only the width property over 0.5 seconds with easing *\/\n}\n\n.exploreText:hover {\n  background-color: white;\n  color: black;\n}\n\n.reverieContainer {\n  width: 100%;\n  margin-top: 100px;\n  border-top: 1px solid #535a62;\n  display: flex;\n  flex-direction: row;\n}\n\n.reverieContainer2 {\n  width: 100%;\n  margin-top: 20px;\n  border-top: 1px solid #535a62;\n  display: flex;\n  flex-direction: row;\n}\n\n.reveriebox1 {\n  width: 50%;\n  border-right: 1px solid #535a62;\n}\n\n.reveriebox2 {\n  width: 50%;\n}\n\n@media (max-width: 768px) {\n  .boxContainer {\n    display: none;\n  }\n\n  .boxContainer2 {\n    display: flex;\n  }\n}\n\n\u003cstyle\/\u003e","text_alignment":"center"}},"contact_BGQ6TJ":{"type":"contact","settings":{"color_scheme":"","separate_section_with_border":false,"subheading":"","title":"","content":""}}},"order":["main","custom_liquid_tAkBkj","contact_BGQ6TJ"]}