{"sections":{"main":{"type":"main-page","custom_css":[],"settings":{"color_scheme":"scheme-1","show_title":true,"page_width":"full"}},"rich_text_hHXWAp":{"type":"rich-text","settings":{"color_scheme":"","separate_section_with_border":false,"content_width":"sm","text_position":"center","remove_vertical_spacing":false}},"collection_list_tedz3P":{"type":"collection-list","blocks":{"collection_xPK734":{"type":"collection","settings":{"color_scheme":"scheme-2","collection":"croc-embossed-leather","image":"shopify:\/\/shop_images\/Untitled_2000_x_2100_px_1.svg","expand_collection":false,"content_position":"place-self-end-start text-start","subheading":"Cocco Jenny","title":"","button_text":"","button_link":"","button_style":"solid","overlay_color":"#44250b","overlay_opacity":0}},"collection_WjhcpU":{"type":"collection","settings":{"color_scheme":"scheme-1","collection":"nappa-leather","image":"shopify:\/\/shop_images\/Untitled_2000_x_2100_px_2.svg","expand_collection":false,"content_position":"place-self-end-start text-start","subheading":"Nappa","title":"","button_text":"","button_link":"","button_style":"solid","overlay_color":"#000000","overlay_opacity":0}},"collection_nFiWXE":{"type":"collection","settings":{"color_scheme":"scheme-1","collection":"patent-leather","image":"shopify:\/\/shop_images\/Untitled_2000_x_2100_px_3.svg","expand_collection":false,"content_position":"place-self-end-start text-start","subheading":"Piuma Patent","title":"","button_text":"","button_link":"","button_style":"solid","overlay_color":"#000000","overlay_opacity":0}}},"block_order":["collection_xPK734","collection_WjhcpU","collection_nFiWXE"],"settings":{"color_scheme":"scheme-1","separate_section_with_border":false,"image_size":"auto","show_text_outside":true,"space_items":true,"stack_collections":false,"collections_per_row_mobile":"1","collections_per_row_desktop":4,"subheading":"","title":"","content":""}},"faq_qVhPtQ":{"type":"faq","blocks":{"question_9Mfi6E":{"type":"question","settings":{"question":"Cocco Jenny","answer":"<p>An entirely handmade leather, Cocco Jenny is meticulously embossed to replicate the intricate patterns of genuine crocodile leather, creating a mesmerizing visual and tactile experience that exudes sophistication and refinement.<\/p><p>This resilient by-product leather combines the elegance of crocodile texture with the artistry of hand-painted detailing, resulting in a distinctive nuanced one of a kind leathers.<\/p>"}},"question_3jUV97":{"type":"question","settings":{"question":"Nappa","answer":"<p>With its unparalleled softness and exquisite hand, Nappa is a full grain calfskin leather that elevates the art of leather craftsmanship.<\/p><p>As soft as a whisper and as luxurious as a dream, Nappa caresses the senses with its velvety touch and supple texture.<\/p>"}},"question_nYGgjf":{"type":"question","settings":{"question":"Piuma Patent","answer":"<p>A nod to timeless luxury and contemporary flair, Piuma Patent leather embodies the essence of refined craftsmanship and exquisite design, redefining the boundaries of sartorial excellence.<\/p><p>The patent finish adds a touch of modern allure, while the nappa leather's inherent softness ensures a comfortable and luxurious feel.<\/p>"}},"question_wGfTxt":{"type":"question","disabled":true,"settings":{"question":"Question","answer":"<p>Write a clear and concise answer to guide your customers.<\/p>"}}},"block_order":["question_9Mfi6E","question_3jUV97","question_nYGgjf","question_wGfTxt"],"settings":{"color_scheme":"","separate_section_with_border":true,"show_categories":false,"subheading":"","title":"","content":"<h4>Leather<\/h4>"}},"collection_list_WQG8fi":{"type":"collection-list","blocks":{"collection_Lyr7DJ":{"type":"collection","settings":{"color_scheme":"scheme-1","collection":"hadbags","image":"shopify:\/\/shop_images\/Untitled_2000_x_2100_px_4.svg","expand_collection":false,"content_position":"place-self-end-start text-start","subheading":"Nappa One","title":"","button_text":"","button_link":"","button_style":"solid","overlay_color":"#000000","overlay_opacity":0}},"collection_wnpXkR":{"type":"collection","settings":{"color_scheme":"scheme-1","collection":"","image":"shopify:\/\/shop_images\/Untitled_2000_x_2100_px_5.svg","expand_collection":false,"content_position":"place-self-end-start text-start","subheading":"SENSORY SUEDE","title":"","button_text":"","button_link":"","button_style":"solid","overlay_color":"#000000","overlay_opacity":0}}},"block_order":["collection_Lyr7DJ","collection_wnpXkR"],"settings":{"color_scheme":"scheme-1","separate_section_with_border":false,"image_size":"auto","show_text_outside":true,"space_items":true,"stack_collections":false,"collections_per_row_mobile":"1","collections_per_row_desktop":4,"subheading":"","title":"","content":""}},"faq_XekAtg":{"type":"faq","blocks":{"question_NgXmNj":{"type":"question","settings":{"question":"Nappa One","answer":"<p>Soft yet durable, our handbags are lined with Nappa One, a full-grain goatskin leather. Its buttery, velvet-soft feel combines with exceptional durability and ease of cleaning.<\/p>"}},"question_RWQxFn":{"type":"question","settings":{"question":"Sensory Suede","answer":"<p>A soft yet resilient material that provides both protection and luxury. Sensory Suede's rich chestnut brown color adds depth and elegance while ensuring that your stainless steel, shatterproof mirror remains secure. The smooth suede lining allows for easy insertion and removal, safeguarding your mirror from scratches and wear, while enhancing the overall aesthetic with its refined texture.<\/p>"}}},"block_order":["question_NgXmNj","question_RWQxFn"],"settings":{"color_scheme":"","separate_section_with_border":false,"show_categories":false,"subheading":"","title":"","content":"<h4>lining<\/h4>"}},"image_with_text_overlay_mTbrXE":{"type":"image-with-text-overlay","disabled":true,"settings":{"color_scheme":"scheme-1","image_size":"xs","image":"shopify:\/\/shop_images\/7D76DE87-C0A7-4345-8C42-6B9C7E5E4ABD.jpg","allow_transparent_header":false,"reveal_on_scroll":true,"remove_vertical_spacing":true,"content_width":"md","mobile_text_position":"place-self-center text-center","desktop_text_position":"sm:place-self-center sm:text-center","overlay_color":"#000000","overlay_opacity":0}},"image_with_text_overlay_zPDFDy":{"type":"image-with-text-overlay","settings":{"color_scheme":"scheme-ae220975-7a0f-4eb4-9b70-600dac492ea0","image_size":"xs","image":"shopify:\/\/shop_images\/Untitled_design_18.svg","mobile_image":"shopify:\/\/shop_images\/Untitled_design_18.svg","allow_transparent_header":true,"reveal_on_scroll":false,"remove_vertical_spacing":true,"content_width":"md","mobile_text_position":"place-self-center text-center","desktop_text_position":"sm:place-self-center sm:text-center","overlay_color":"#44250b","overlay_opacity":25}}},"order":["main","rich_text_hHXWAp","collection_list_tedz3P","faq_qVhPtQ","collection_list_WQG8fi","faq_XekAtg","image_with_text_overlay_mTbrXE","image_with_text_overlay_zPDFDy"]}