{"sections":{"image_with_text_overlay_zPDFDy":{"type":"image-with-text-overlay","settings":{"color_scheme":"scheme-a148d179-9d90-4566-86fe-0c008217e3a0","image_size":"xs","image":"shopify:\/\/shop_images\/DEFA3844-7694-476D-808D-BEE038107C40.jpg","allow_transparent_header":false,"reveal_on_scroll":true,"remove_vertical_spacing":true,"content_width":"md","mobile_text_position":"place-self-center text-center","desktop_text_position":"sm:place-self-center sm:text-center","overlay_color":"#000000","overlay_opacity":0}},"rich_text_hHXWAp":{"type":"rich-text","blocks":{"richtext_NdXWGE":{"type":"richtext","settings":{"content":"<p>As we embark on a journey of cultural exploration through each meticulously curated collection, our mission extends far beyond the realm of fashion. At the heart of our endeavors lies a profound commitment to learning, appreciating, and giving back to the vibrant communities that inspire our creations.<\/p><p>With each new collection, we strive to forge meaningful partnerships dedicated to uplifting and empowering the people of the cultures we highlight. By collaborating with these organizations, we aim to amplify their efforts and support initiatives that foster sustainable development, preserve cultural heritage, and enhance the well-being of communities around the world.<\/p><p>Driven by a deep sense of responsibility and gratitude, we recognize the invaluable contributions of every community we encounter. Through our collaborations, we seek to honor their resilience, celebrate their diversity, and contribute to their ongoing prosperity.<\/p><p>As we embark on this transformative journey of cultural exchange and mutual respect, we invite you to join us in embracing the beauty of diversity, cherishing the richness of tradition, and making a meaningful difference in the lives of others. Together, let us create a world where every culture is celebrated, every voice is heard, and every community thrives.<\/p>"}}},"block_order":["richtext_NdXWGE"],"settings":{"color_scheme":"","separate_section_with_border":false,"content_width":"sm","text_position":"center","remove_vertical_spacing":false}},"main":{"type":"main-page","custom_css":[],"settings":{"color_scheme":"scheme-1","show_title":true,"page_width":"full"}},"collection_list_MxLbii":{"type":"collection-list","blocks":{"collection_y9TndK":{"type":"collection","settings":{"color_scheme":"scheme-1","collection":"","image":"shopify:\/\/shop_images\/alphonsus_rose_and_gilbert_chijioke_foundation_logo.jpg","expand_collection":false,"content_position":"place-self-end-start text-start","subheading":"ALPHONSUS, ROSE, & GILBERT CHIJIOKE FOUNDATION","title":"","button_text":"","button_link":"shopify:\/\/pages\/alphonsus-rose-gilbert-chijioke-foundation","overlay_color":"#000000","overlay_opacity":0}},"collection_iFqNnj":{"type":"collection","settings":{"color_scheme":"scheme-1","collection":"","expand_collection":false,"content_position":"place-self-end-start text-start","subheading":"1% For the Planet","title":"","button_text":"","button_link":"shopify:\/\/pages\/1-for-the-planet","overlay_color":"#000000","overlay_opacity":0}},"collection_crBqKk":{"type":"collection","disabled":true,"settings":{"color_scheme":"scheme-1","collection":"","expand_collection":false,"content_position":"place-self-end-start text-start","subheading":"The Ocean Foundation","title":"","button_text":"","button_link":"","overlay_color":"#000000","overlay_opacity":0}}},"block_order":["collection_y9TndK","collection_iFqNnj","collection_crBqKk"],"settings":{"color_scheme":"","separate_section_with_border":false,"image_size":"auto","show_text_outside":true,"space_items":true,"stack_collections":true,"collections_per_row_desktop":4,"subheading":"","title":"","content":""}},"image_with_text_B9anLK":{"type":"image-with-text","blocks":{"heading_kGYFKB":{"type":"heading","settings":{"text":"ALPHONSUS, ROSE, & GILBERT CHIJIOKE FOUNDATION","heading_tag":"h4"}},"richtext_ge9Bir":{"type":"richtext","settings":{"content":"<p>Use this text to share information about your brand with your customers. Describe a product, share announcements, or welcome customers to your store.<\/p>"}}},"block_order":["heading_kGYFKB","richtext_ge9Bir"],"disabled":true,"settings":{"color_scheme":"scheme-4","separate_section_with_border":false,"reveal_on_scroll":false,"image_position":"end","content_width":"sm","remove_vertical_spacing":true}},"rich_text_hnm9Qk":{"type":"rich-text","blocks":{"richtext_zHt4kK":{"type":"richtext","settings":{"content":"<h4>OTHER PARTNERS<\/h4>"}}},"block_order":["richtext_zHt4kK"],"disabled":true,"settings":{"color_scheme":"","separate_section_with_border":true,"content_width":"sm","text_position":"center","remove_vertical_spacing":false}},"image_with_text_XnK3mn":{"type":"image-with-text","blocks":{"heading_a6Eg9A":{"type":"heading","settings":{"text":"1% FOR THE PLANET","heading_tag":"h4"}},"richtext_k4X8C6":{"type":"richtext","settings":{"content":"<p>Use this text to share information about your brand with your customers. Describe a product, share announcements, or welcome customers to your store.<\/p>"}}},"block_order":["heading_a6Eg9A","richtext_k4X8C6"],"disabled":true,"settings":{"color_scheme":"scheme-4","separate_section_with_border":false,"reveal_on_scroll":false,"image_position":"start","content_width":"sm","remove_vertical_spacing":true}},"image_with_text_overlay_eqrMR7":{"type":"image-with-text-overlay","settings":{"color_scheme":"scheme-1","image_size":"xs","image":"shopify:\/\/shop_images\/7D76DE87-C0A7-4345-8C42-6B9C7E5E4ABD.jpg","allow_transparent_header":false,"reveal_on_scroll":true,"remove_vertical_spacing":true,"content_width":"md","mobile_text_position":"place-self-center text-center","desktop_text_position":"sm:place-self-center sm:text-center","overlay_color":"#d0e1d2","overlay_opacity":30}}},"order":["image_with_text_overlay_zPDFDy","rich_text_hHXWAp","main","collection_list_MxLbii","image_with_text_B9anLK","rich_text_hnm9Qk","image_with_text_XnK3mn","image_with_text_overlay_eqrMR7"]}