{"sections":{"main":{"type":"main-page","disabled":true,"custom_css":[],"settings":{"color_scheme":"scheme-1","show_title":true,"page_width":"full"}},"image_with_text_overlay_pthNdW":{"type":"image-with-text-overlay","blocks":{"richtext_NjtC4d":{"type":"richtext","settings":{"content":"<h2>Leather Goods Traceability<\/h2>"}}},"block_order":["richtext_NjtC4d"],"settings":{"color_scheme":"scheme-ae220975-7a0f-4eb4-9b70-600dac492ea0","image_size":"sm","image":"shopify:\/\/shop_images\/16_6f3c02a9-4845-446e-9d93-deae82833336.png","allow_transparent_header":true,"reveal_on_scroll":false,"remove_vertical_spacing":true,"content_width":"md","mobile_text_position":"place-self-center text-center","desktop_text_position":"sm:place-self-center sm:text-center","overlay_color":"#000000","overlay_opacity":30}},"rich_text_fKiqRk":{"type":"rich-text","blocks":{"heading_cmx4pE":{"type":"heading","settings":{"text":"Transparency","heading_tag":"h4"}},"richtext_Qk3CcE":{"type":"richtext","settings":{"content":"<p>Transparency is at the core of our mission as we strive to provide insight into our process of creating both jewellery and leather goods.<\/p>"}}},"block_order":["heading_cmx4pE","richtext_Qk3CcE"],"settings":{"color_scheme":"scheme-1","separate_section_with_border":false,"content_width":"sm","text_position":"center","remove_vertical_spacing":false}},"media_grid_pHMyHq":{"type":"media-grid","blocks":{"image_w7kFwP":{"type":"image","settings":{"color_scheme":"scheme-a148d179-9d90-4566-86fe-0c008217e3a0","image":"shopify:\/\/shop_images\/3_06b3765d-5411-4169-abf4-2c0248aea97a.png","column_count":"6","row_count":2,"title":"","heading_tag":"h4","content":"","link_text":"","link_url":"","link_style":"link","text_position":"place-self-center text-center","overlay_color":"#000000","overlay_opacity":0}},"image_jF4h9x":{"type":"image","settings":{"color_scheme":"scheme-a148d179-9d90-4566-86fe-0c008217e3a0","image":"shopify:\/\/shop_images\/4_651e2363-db66-4d77-bec0-1c93922653d4.png","column_count":"6","row_count":2,"title":"","heading_tag":"h4","content":"","link_text":"","link_url":"","link_style":"link","text_position":"place-self-center text-center","overlay_color":"#000000","overlay_opacity":0}}},"block_order":["image_w7kFwP","image_jF4h9x"],"settings":{"color_scheme":"scheme-1","separate_section_with_border":false,"desktop_row_height":240,"mobile_row_height":140,"section_width":"sm","spacing":"sm","subheading":"","title":"","content":""}},"multiple_media_with_text_Lc9mfY":{"type":"multiple-media-with-text","blocks":{"image_PfBiqP":{"type":"image","settings":{"rotation":0}},"image_UaUwTf":{"type":"image","settings":{"rotation":0}}},"block_order":["image_PfBiqP","image_UaUwTf"],"settings":{"color_scheme":"scheme-1","reveal_on_scroll":false,"separate_section_with_border":false,"media_position_desktop":"before_text","media_position_mobile":"before_text","media_layout":"separated","media_alignment":"center","media_alignment_offset":0,"media_mobile_alignment_offset":0,"text_alignment":"center","subheading":"","title":"<strong>It Begins with a Sketch & Tech Pack<\/strong>","content":"<p>We devote hours to drawing and perfecting silhouettes that embody elegance and functionality for both day and night. From there, we explore different sizing variations and begin putting together a tech pack for our leather making artisan in Romania.<\/p>","button_1_text":"","button_1_link":"","button_1_style":"solid","button_2_text":"","button_2_link":"","button_2_style":"solid"}},"multiple_media_with_text_JPCyGt":{"type":"multiple-media-with-text","blocks":{"image_RYq4wC":{"type":"image","settings":{"rotation":0}},"image_P7q8Ly":{"type":"image","settings":{"rotation":0}}},"block_order":["image_RYq4wC","image_P7q8Ly"],"settings":{"color_scheme":"","reveal_on_scroll":false,"separate_section_with_border":false,"media_position_desktop":"after_text","media_position_mobile":"before_text","media_layout":"separated","media_alignment":"center","media_alignment_offset":0,"media_mobile_alignment_offset":0,"text_alignment":"center","subheading":"","title":"<strong>Bring the Designs to Life<\/strong>","content":"<p>After putting together the tech pack, we begin with a paper sample to scale, we meticulously visualize the handbag's form before transitioning to leather. Collaborating closely with our talented artisan in Romania, we make real-time decisions to bring our vision to life. Multiple prototypes are crafted, each iteration refining the design until we achieve perfection in the final prototype.<\/p>","button_1_text":"","button_1_link":"","button_1_style":"solid","button_2_text":"","button_2_link":"","button_2_style":"solid"}},"multiple_media_with_text_CadnGX":{"type":"multiple-media-with-text","blocks":{"image_wqp4CF":{"type":"image","settings":{"rotation":0}},"image_MCEm8R":{"type":"image","settings":{"rotation":0}}},"block_order":["image_wqp4CF","image_MCEm8R"],"settings":{"color_scheme":"","reveal_on_scroll":false,"separate_section_with_border":false,"media_position_desktop":"before_text","media_position_mobile":"before_text","media_layout":"separated","media_alignment":"center","media_alignment_offset":0,"media_mobile_alignment_offset":0,"text_alignment":"center","subheading":"","title":"<strong>Responsibly Sourced Leathers<\/strong>","content":"<p>We partner with Italian tanneries renowned for their commitment to sustainability and ethical practices. These tanneries prioritize eco-friendly processes, utilizing renewable energy sources and innovative technologies to minimize water usage, energy consumption, and chemical waste. Additionally, they ensure responsible sourcing of raw materials and ethical treatment throughout their supply chain.<\/p>","button_1_text":"","button_1_link":"","button_1_style":"solid","button_2_text":"","button_2_link":"","button_2_style":"solid"}},"multiple_media_with_text_Wp4Diq":{"type":"multiple-media-with-text","blocks":{"image_HEqczP":{"type":"image","settings":{"rotation":0}},"image_JgtJVB":{"type":"image","settings":{"rotation":0}}},"block_order":["image_HEqczP","image_JgtJVB"],"settings":{"color_scheme":"","reveal_on_scroll":false,"separate_section_with_border":false,"media_position_desktop":"after_text","media_position_mobile":"before_text","media_layout":"separated","media_alignment":"center","media_alignment_offset":0,"media_mobile_alignment_offset":0,"text_alignment":"center","subheading":"","title":"<strong>Conscientious Craftsmanship & Quality Control<\/strong>","content":"<p>Once the sampling process is done and we are ready to go, our Romanian artisan begins our small batch production. With meticulous attention to detail, we ensure each piece meets our exacting standards of quality and craftsmanship.<\/p>","button_1_text":"","button_1_link":"","button_1_style":"solid","button_2_text":"","button_2_link":"","button_2_style":"solid"}},"image_with_text_AHhttb":{"type":"image-with-text","blocks":{"heading_EFT4QA":{"type":"heading","settings":{"text":"<strong>It Begins with a Sketch & Tech Pack<\/strong>","heading_tag":"h3"}},"richtext_WqMhgN":{"type":"richtext","settings":{"content":"<p>We devote hours to drawing and perfecting silhouettes that embody elegance and functionality for both day and night. From there, we explore different sizing variations and begin putting together a tech pack for our leather making artisan in Romania.<\/p>"}}},"block_order":["heading_EFT4QA","richtext_WqMhgN"],"disabled":true,"settings":{"color_scheme":"scheme-83a87ca6-727b-4e27-b84e-789b7e57b35b","separate_section_with_border":false,"image":"shopify:\/\/shop_images\/2_9541b80a-995e-46f8-b221-d39f0ba16b0d.png","reveal_on_scroll":false,"image_position":"start","content_width":"md","remove_vertical_spacing":true}},"image_with_text_KPnanj":{"type":"image-with-text","blocks":{"heading_BwYiqk":{"type":"heading","settings":{"text":"<strong>Bring the Designs to Life<\/strong>","heading_tag":"h3"}},"richtext_Nfmm4C":{"type":"richtext","settings":{"content":"<p>After putting together the tech pack, we begin with a paper sample to scale, we meticulously visualize the handbag's form before transitioning to leather. Collaborating closely with our talented artisan in Romania, we make real-time decisions to bring our vision to life. Multiple prototypes are crafted, each iteration refining the design until we achieve perfection in the final prototype.<\/p>"}}},"block_order":["heading_BwYiqk","richtext_Nfmm4C"],"disabled":true,"settings":{"color_scheme":"scheme-83a87ca6-727b-4e27-b84e-789b7e57b35b","separate_section_with_border":false,"image":"shopify:\/\/shop_images\/17_edf303f5-3e33-4ae9-b7c4-235628926c80.png","reveal_on_scroll":false,"image_position":"end","content_width":"md","remove_vertical_spacing":true}},"image_with_text_XNptRN":{"type":"image-with-text","blocks":{"heading_iTFRHH":{"type":"heading","settings":{"text":"<strong>Responsibly Sourced Leathers<\/strong>","heading_tag":"h3"}},"richtext_rFFXbA":{"type":"richtext","settings":{"content":"<p>We partner with Italian tanneries renowned for their commitment to sustainability and ethical practices. These tanneries prioritize eco-friendly processes, utilizing renewable energy sources and innovative technologies to minimize water usage, energy consumption, and chemical waste. Additionally, they ensure responsible sourcing of raw materials and ethical treatment throughout their supply chain.<\/p>"}}},"block_order":["heading_iTFRHH","richtext_rFFXbA"],"disabled":true,"settings":{"color_scheme":"scheme-83a87ca6-727b-4e27-b84e-789b7e57b35b","separate_section_with_border":false,"image":"shopify:\/\/shop_images\/2_9541b80a-995e-46f8-b221-d39f0ba16b0d.png","reveal_on_scroll":false,"image_position":"start","content_width":"md","remove_vertical_spacing":true}},"image_with_text_CRQAVP":{"type":"image-with-text","blocks":{"heading_K4QiAN":{"type":"heading","settings":{"text":"<strong>Conscientious Craftsmanship & Quality Control<\/strong>","heading_tag":"h3"}},"richtext_ibmkmt":{"type":"richtext","settings":{"content":"<p>Once the sampling process is done and we are ready to go, our Romanian artisan begins our small batch production. With meticulous attention to detail, we ensure each piece meets our exacting standards of quality and craftsmanship.<\/p>"}}},"block_order":["heading_K4QiAN","richtext_ibmkmt"],"disabled":true,"settings":{"color_scheme":"scheme-83a87ca6-727b-4e27-b84e-789b7e57b35b","separate_section_with_border":false,"image":"shopify:\/\/shop_images\/17_edf303f5-3e33-4ae9-b7c4-235628926c80.png","reveal_on_scroll":false,"image_position":"end","content_width":"md","remove_vertical_spacing":true}},"collection_list_QcyFcD":{"type":"collection-list","blocks":{"collection_YhzaeC":{"type":"collection","settings":{"color_scheme":"scheme-1","collection":"","image":"shopify:\/\/shop_images\/16_f3e21aea-8a5a-4589-a303-6cd0227bb31d.png","expand_collection":false,"content_position":"place-self-end-start text-start","subheading":"Our Designs","title":"","button_text":"","button_link":"shopify:\/\/pages\/leather-goods-design","overlay_color":"#000000","overlay_opacity":0}},"collection_tEQ4n8":{"type":"collection","settings":{"color_scheme":"scheme-1","collection":"","image":"shopify:\/\/shop_images\/2_c6917b85-6ebe-42bd-ab13-27fe80a574b8.png","expand_collection":false,"content_position":"place-self-end-start text-start","subheading":"Our Materials","title":"","button_text":"","button_link":"shopify:\/\/pages\/materials","overlay_color":"#000000","overlay_opacity":0}},"collection_jX6Mwt":{"type":"collection","settings":{"color_scheme":"scheme-1","collection":"","image":"shopify:\/\/shop_images\/1_53c2f148-04fb-4ea1-aed2-7ad7e5c83658.png","expand_collection":false,"content_position":"place-self-end-start text-start","subheading":"Our Tanneries & Manufacturers","title":"","button_text":"","button_link":"shopify:\/\/pages\/leather-goods-manufactures","overlay_color":"#000000","overlay_opacity":0}},"collection_p3C9Vw":{"type":"collection","settings":{"color_scheme":"scheme-1","collection":"","image":"shopify:\/\/shop_images\/17_1befa441-d47d-488d-9b0e-2ad4b9be65ea.png","expand_collection":false,"content_position":"place-self-end-start text-start","subheading":"Our Packaging","title":"","button_text":"","button_link":"shopify:\/\/pages\/handbag-packaging","overlay_color":"#000000","overlay_opacity":0}}},"block_order":["collection_YhzaeC","collection_tEQ4n8","collection_jX6Mwt","collection_p3C9Vw"],"settings":{"color_scheme":"scheme-1","separate_section_with_border":false,"image_size":"auto","show_text_outside":true,"space_items":true,"stack_collections":true,"collections_per_row_desktop":4,"subheading":"","title":"","content":""}}},"order":["main","image_with_text_overlay_pthNdW","rich_text_fKiqRk","media_grid_pHMyHq","multiple_media_with_text_Lc9mfY","multiple_media_with_text_JPCyGt","multiple_media_with_text_CadnGX","multiple_media_with_text_Wp4Diq","image_with_text_AHhttb","image_with_text_KPnanj","image_with_text_XNptRN","image_with_text_CRQAVP","collection_list_QcyFcD"]}