{"sections":{"image_with_text_overlay_pthNdW":{"type":"image-with-text-overlay","blocks":{"richtext_NjtC4d":{"type":"richtext","settings":{"content":"<h2>Factories<\/h2>"}}},"block_order":["richtext_NjtC4d"],"settings":{"color_scheme":"scheme-4","image_size":"auto","image":"shopify:\/\/shop_images\/Untitled_design_34.png","allow_transparent_header":true,"reveal_on_scroll":false,"remove_vertical_spacing":true,"content_width":"md","mobile_text_position":"place-self-center text-center","desktop_text_position":"sm:place-self-center sm:text-center","overlay_color":"#000000","overlay_opacity":0}},"main":{"type":"main-page","disabled":true,"custom_css":[],"settings":{"color_scheme":"scheme-a148d179-9d90-4566-86fe-0c008217e3a0","show_title":false,"page_width":"xs"}},"multiple_media_with_text_7nqU4A":{"type":"multiple-media-with-text","blocks":{"image_6mWjfe":{"type":"image","settings":{"image":"shopify:\/\/shop_images\/5_6750045b-f32a-4ccf-9fdf-b22ebb382b69.png","rotation":0}},"image_kFiXJY":{"type":"image","settings":{"image":"shopify:\/\/shop_images\/19_994934a0-d2f0-4569-871c-2a62096cd059.png","rotation":0}}},"block_order":["image_6mWjfe","image_kFiXJY"],"settings":{"color_scheme":"scheme-4","reveal_on_scroll":false,"separate_section_with_border":false,"media_position_desktop":"before_text","media_position_mobile":"before_text","media_layout":"overlap","media_alignment":"center","media_alignment_offset":80,"media_mobile_alignment_offset":40,"text_alignment":"center","subheading":"","title":"Our Partners","content":"<p>Our collaboration with our jewellery factories is grounded in a partnership built upon shared values, technical proficiency, and a dedication to ongoing enhancement. We've meticulously curated this esteemed group of factories for their unwavering commitment to ethics, meticulous quality standards, innovative approaches, and utilization of sustainable materials and ethical labor practices. Together, we strive for excellence and sustainability in every aspect of our production process.<\/p>","button_1_text":"","button_1_link":"","button_1_style":"outline","button_2_text":"","button_2_link":"","button_2_style":"outline"}},"rich_text_6Ky7Ff":{"type":"rich-text","blocks":{"richtext_gEwFf8":{"type":"richtext","settings":{"content":"<h4>We partner with only a few factories, fostering deep and meaningful relationships built on trust and mutual respect.<\/h4>"}}},"block_order":["richtext_gEwFf8"],"settings":{"color_scheme":"scheme-4","separate_section_with_border":false,"content_width":"xs","text_position":"center","remove_vertical_spacing":true}},"multiple_media_with_text_mDVFHQ":{"type":"multiple-media-with-text","blocks":{"image_CNbykU":{"type":"image","settings":{"image":"shopify:\/\/shop_images\/Untitled_design_16.png","rotation":0}},"image_mCHUgG":{"type":"image","settings":{"image":"shopify:\/\/shop_images\/WhatsAppImage2024-03-12at14.18.33_5682e79d.jpg","rotation":0}}},"block_order":["image_CNbykU","image_mCHUgG"],"settings":{"color_scheme":"scheme-4","reveal_on_scroll":false,"separate_section_with_border":false,"media_position_desktop":"after_text","media_position_mobile":"before_text","media_layout":"separated","media_alignment":"center","media_alignment_offset":0,"media_mobile_alignment_offset":0,"text_alignment":"center","subheading":"","title":"","content":"<p>Our partner factories are technical experts, blending artisanal practices with cutting-edge technology to deliver exceptional craftsmanship and quality. Collaboratively, we are dedicated to driving positive change within the industry, prioritizing sustainable sourcing, enhanced traceability, and responsible production practices. Recognizing that sustainability is an ongoing journey, we collaborate with those who share our commitment to minimizing waste and embracing more environmentally conscious methods of jewellery making.<\/p>","button_1_text":"","button_1_link":"","button_1_style":"solid","button_2_text":"","button_2_link":"","button_2_style":"solid"}},"multi_column_AjJTKc":{"type":"multi-column","blocks":{"image_with_text_V8kEan":{"type":"image_with_text","settings":{"title":"","heading_tag":"h3","content":"<p>Jewellery Manufacturer<\/p><h4><strong>Thailand<\/strong><\/h4>","link_url":"","link_text":""}},"image_with_text_tTjhgm":{"type":"image_with_text","settings":{"title":"","heading_tag":"h3","content":"<p>Mirror & Hardware Manufacturer<\/p><h4><strong>GUANGDONG PROVINCE, CHINA<\/strong><\/h4>","link_url":"","link_text":""}},"image_with_text_W4edbD":{"type":"image_with_text","settings":{"title":"","heading_tag":"h3","content":"<p>Packaging Manufacturers<\/p><h4><strong>NEW JERSEY, UNITED STATES OF AMERICA<\/strong><\/h4>","link_url":"","link_text":""}}},"block_order":["image_with_text_V8kEan","image_with_text_tTjhgm","image_with_text_W4edbD"],"settings":{"color_scheme":"scheme-4","separate_section_with_border":false,"columns_per_row":3,"stack_on_mobile":false,"overlap_image":false,"content_alignment":"center","text_alignment":"center","spacing":"xs","subheading":"","title":"","content":""}},"collection_list_QcyFcD":{"type":"collection-list","blocks":{"collection_YhzaeC":{"type":"collection","settings":{"color_scheme":"scheme-4","collection":"","expand_collection":false,"content_position":"place-self-end-start text-start","subheading":"Our Designs","title":"","button_text":"","button_link":"shopify:\/\/pages\/jewellery-design","overlay_color":"#000000","overlay_opacity":0}},"collection_tEQ4n8":{"type":"collection","settings":{"color_scheme":"scheme-4","collection":"","expand_collection":false,"content_position":"place-self-end-start text-start","subheading":"Our Materials","title":"","button_text":"","button_link":"shopify:\/\/pages\/jewellery-materials","overlay_color":"#000000","overlay_opacity":0}},"collection_jX6Mwt":{"type":"collection","settings":{"color_scheme":"scheme-4","collection":"","expand_collection":false,"content_position":"place-self-end-start text-start","subheading":"Our Factories","title":"","button_text":"","button_link":"shopify:\/\/pages\/jewellery-factories","overlay_color":"#000000","overlay_opacity":0}},"collection_p3C9Vw":{"type":"collection","settings":{"color_scheme":"scheme-4","collection":"","expand_collection":false,"content_position":"place-self-end-start text-start","subheading":"Our Packaging","title":"","button_text":"","button_link":"shopify:\/\/pages\/jewellery-packaging","overlay_color":"#000000","overlay_opacity":0}}},"block_order":["collection_YhzaeC","collection_tEQ4n8","collection_jX6Mwt","collection_p3C9Vw"],"settings":{"color_scheme":"scheme-4","separate_section_with_border":false,"image_size":"auto","show_text_outside":true,"space_items":true,"stack_collections":true,"collections_per_row_desktop":4,"subheading":"","title":"","content":""}}},"order":["image_with_text_overlay_pthNdW","main","multiple_media_with_text_7nqU4A","rich_text_6Ky7Ff","multiple_media_with_text_mDVFHQ","multi_column_AjJTKc","collection_list_QcyFcD"]}