{"sections":{"image_with_text_overlay_zPDFDy":{"type":"image-with-text-overlay","settings":{"color_scheme":"","image_size":"xs","image":"shopify:\/\/shop_images\/DEFA3844-7694-476D-808D-BEE038107C40.jpg","allow_transparent_header":false,"reveal_on_scroll":true,"remove_vertical_spacing":true,"content_width":"md","mobile_text_position":"place-self-center text-center","desktop_text_position":"sm:place-self-center sm:text-center","overlay_color":"#000000","overlay_opacity":0}},"main":{"type":"main-page","custom_css":[],"settings":{"color_scheme":"scheme-1","show_title":true,"page_width":"full"}},"rich_text_hHXWAp":{"type":"rich-text","blocks":{"richtext_NdXWGE":{"type":"richtext","settings":{"content":"<p>Our jewellery is designed and made with care and love. We can show you how to make your piece last a lifetime as heirlooms should.<\/p><p>Ọdọba jewellery are crafted using responsibly sourced materials. The factories we partner with and materials we use reflect our commitment to quality, transparency and responsibility. With just a little care, your jewellery will continue to glow for years to come.<\/p>"}}},"block_order":["richtext_NdXWGE"],"settings":{"color_scheme":"","separate_section_with_border":false,"content_width":"sm","text_position":"center","remove_vertical_spacing":false}},"collection_list_tedz3P":{"type":"collection-list","blocks":{"collection_xPK734":{"type":"collection","settings":{"color_scheme":"scheme-2","collection":"18-karat-gold","image":"shopify:\/\/shop_images\/1_e91ce7b4-c126-41be-aca4-f97f875f3d67.png","expand_collection":false,"content_position":"place-self-end-start text-start","subheading":"18K Solid Gold","title":"","button_text":"","button_link":"","overlay_color":"#44250b","overlay_opacity":0}},"collection_WjhcpU":{"type":"collection","settings":{"color_scheme":"scheme-1","collection":"18k-gold-vermeil","image":"shopify:\/\/shop_images\/4_5d783302-9dc5-48dd-b0b9-19ad7055c045.png","expand_collection":false,"content_position":"place-self-end-start text-start","subheading":"22K Gold Vermeil","title":"","button_text":"","button_link":"","overlay_color":"#000000","overlay_opacity":0}},"collection_nFiWXE":{"type":"collection","settings":{"color_scheme":"scheme-1","collection":"sterling-silver","image":"shopify:\/\/shop_images\/2_8f5e226c-eed4-4ea2-80ac-297c83a84055.png","expand_collection":false,"content_position":"place-self-end-start text-start","subheading":"925 Sterling Silver","title":"","button_text":"","button_link":"","overlay_color":"#000000","overlay_opacity":0}},"collection_8eTTfp":{"type":"collection","settings":{"color_scheme":"scheme-1","collection":"diamonds","image":"shopify:\/\/shop_images\/3_706da157-e62d-4e3a-9954-edeb20bc80f8.png","expand_collection":false,"content_position":"place-self-end-start text-start","subheading":"Lab Grown Diamonds","title":"","button_text":"","button_link":"","overlay_color":"#000000","overlay_opacity":0}},"collection_VTLRWm":{"type":"collection","settings":{"color_scheme":"scheme-1","collection":"lab-grown-sapphires","image":"shopify:\/\/shop_images\/17_edf303f5-3e33-4ae9-b7c4-235628926c80.png","expand_collection":false,"content_position":"place-self-end-start text-start","subheading":"Lab Grown Sapphires","title":"","button_text":"","button_link":"","overlay_color":"#000000","overlay_opacity":0}},"collection_GTpjC9":{"type":"collection","settings":{"color_scheme":"scheme-1","collection":"lab-grown-emeralds","image":"shopify:\/\/shop_images\/16_f3e21aea-8a5a-4589-a303-6cd0227bb31d.png","expand_collection":false,"content_position":"place-self-end-start text-start","subheading":"Lab Grown Emeralds","title":"","button_text":"","button_link":"","overlay_color":"#000000","overlay_opacity":0}}},"block_order":["collection_xPK734","collection_WjhcpU","collection_nFiWXE","collection_8eTTfp","collection_VTLRWm","collection_GTpjC9"],"settings":{"color_scheme":"scheme-1","separate_section_with_border":false,"image_size":"auto","show_text_outside":true,"space_items":true,"stack_collections":false,"collections_per_row_desktop":5,"subheading":"","title":"","content":""}},"image_with_text_3dHHWq":{"type":"image-with-text","blocks":{"heading_dram7x":{"type":"heading","settings":{"text":"<span style=\"text-decoration:underline\"><strong>18K Solid Gold<\/strong><\/span>","heading_tag":"h5"}},"richtext_fG7WdA":{"type":"richtext","settings":{"content":"<p>Our fine jewellery is ethically crafted using recycled and responsibly sourced 18k solid gold.<\/p><p>Our fine jewellery is delicate and requires care to maintain its longevity. <\/p>"}},"richtext_TmB3kV":{"type":"richtext","settings":{"content":"<p><span style=\"text-decoration:underline\">How to take care of solid gold jewellery<\/span><\/p><ul><li>Please take care to prevent contact with abrasive surfaces or harsh chemicals.<\/li><li>Remove your jewellery when applying skincare, perfumes and hair products.<\/li><li>Store in a cool dry place.<\/li><li>To prevent scratches and tangled chains we recommend storing jewellery separately.<\/li><li>To clean your fine jewellery, scrub lightly with a soft-bristled brush, warm water and mild detergent-free soap.<\/li><li>After cleaning, gently polish with the cloth provided to restore shine. Please be mindful of stone settings that can catch on loose fibres.<\/li><\/ul>"}}},"block_order":["heading_dram7x","richtext_fG7WdA","richtext_TmB3kV"],"settings":{"color_scheme":"scheme-1","separate_section_with_border":false,"image":"shopify:\/\/shop_images\/1_6e11942d-4d9b-479b-8432-3ce164e5c0d4.png","reveal_on_scroll":false,"image_position":"start","content_width":"sm","remove_vertical_spacing":true}},"image_with_text_fgRbLk":{"type":"image-with-text","blocks":{"heading_WYnrBU":{"type":"heading","settings":{"text":"<span style=\"text-decoration:underline\"><strong>22K Gold Vermeil<\/strong><\/span>","heading_tag":"h5"}},"richtext_L9WpR9":{"type":"richtext","settings":{"content":"<p>Our gold vermeil is a 2.5 micron overlay of 22-karat recycled gold on a base of ethical 925 recycled sterling silver.<\/p><p>Gold vermeil jewellery will fade naturally over time, acquiring a patina that adds character to the piece.<\/p>"}},"richtext_cG9eLp":{"type":"richtext","settings":{"content":"<p><span style=\"text-decoration:underline\">How to take care of gold vermeil jewellery<\/span><\/p><ul><li>Rinse in cold water<\/li><li>Pat dry with untreated microfibre cloth.<\/li><li>Remove your jewellery prior to swimming, bathing and showering. <\/li><li>Apply lotions and perfume well before putting on the jewellery.<\/li><li>Avoid chemicals, hand sanitizer and cosmetics.<\/li><li>When not worn, store your jewellery in the anti-tarnish pouch that came with your vermeil jewellery.<\/li><\/ul>"}}},"block_order":["heading_WYnrBU","richtext_L9WpR9","richtext_cG9eLp"],"settings":{"color_scheme":"","separate_section_with_border":false,"image":"shopify:\/\/shop_images\/4_b879bcfc-80de-4c1c-8d60-1e02061b7c75.png","reveal_on_scroll":false,"image_position":"end","content_width":"sm","remove_vertical_spacing":true}},"image_with_text_eMaU3B":{"type":"image-with-text","blocks":{"heading_czfmhz":{"type":"heading","settings":{"text":"<span style=\"text-decoration:underline\"><strong>925 Sterling Silver<\/strong><\/span>","heading_tag":"h5"}},"richtext_a8pVcJ":{"type":"richtext","settings":{"content":"<p>Our silver pieces are crafted from recycled and ethically sourced 925 sterling silver. We recommend taking proper care of your silver so it will continue to glow.<\/p>"}},"richtext_3MamKV":{"type":"richtext","settings":{"content":"<p><span style=\"text-decoration:underline\">How to take care of sterling silver jewellery<\/span><\/p><ul><li>Rinse in cold water<\/li><li>Pat dry with soft untreated microfibre cloth<\/li><li>Remove jewellery before swimming, bathing or showering<\/li><li>When not worn, store your jewellery in the anti-tarnish pouch that came with your sterling silver jewellery.<\/li><\/ul>"}}},"block_order":["heading_czfmhz","richtext_a8pVcJ","richtext_3MamKV"],"settings":{"color_scheme":"","separate_section_with_border":false,"image":"shopify:\/\/shop_images\/2_14d210e0-3f43-4f8a-8525-28ffec4cfa68.png","reveal_on_scroll":false,"image_position":"start","content_width":"sm","remove_vertical_spacing":true}},"image_with_text_cDxLnz":{"type":"image-with-text","blocks":{"heading_pGkrEk":{"type":"heading","settings":{"text":"<span style=\"text-decoration:underline\"><strong>Lab Grown Diamonds<\/strong><\/span>","heading_tag":"h5"}},"richtext_XbNhEW":{"type":"richtext","settings":{"content":"<p>Lab grown diamonds are diamonds created in a lab under intense heat and pressure - the same conditions as naturally mined diamonds from the Earth. While they are identical to their mined counterparts, they are an ethical and sustainable option.<\/p>"}},"richtext_jPAWKK":{"type":"richtext","settings":{"content":"<p><span style=\"text-decoration:underline\">How to take care of diamonds<\/span><\/p><ul><li>To clean your diamonds and restore its shine, scrub lightly with a soft-bristled brush, warm water and mild detergent-free soap.<\/li><li>If your diamonds needs a little extra tlc, soak it in the warm water and mild detergent-free soap solution for a few minutes before scrubbing.<\/li><li>Avoid chemicals or excessive temperatures when cleaning.<\/li><li>Store in a safe, dry place when not worn to protect them from the elements of daily exposure.<\/li><\/ul>"}}},"block_order":["heading_pGkrEk","richtext_XbNhEW","richtext_jPAWKK"],"settings":{"color_scheme":"","separate_section_with_border":true,"image":"shopify:\/\/shop_images\/3_ae1125e0-df20-448a-898d-67c1a90ee060.png","reveal_on_scroll":true,"image_position":"end","content_width":"sm","remove_vertical_spacing":true}},"image_with_text_GJbgyT":{"type":"image-with-text","blocks":{"heading_L8i9d9":{"type":"heading","settings":{"text":"<span style=\"text-decoration:underline\"><strong>Lab Grown Sapphires<\/strong><\/span>","heading_tag":"h5"}},"richtext_PpAwbe":{"type":"richtext","settings":{"content":"<p>Lab grown sapphires are created through advanced technological processes that mimic the natural conditions under which sapphires form in the Earth's crust. These lab created gemstones possess the same chemical composition, physical properties, and optical characteristics as their natural counterparts, offering a sustainable and ethical alternative to mined sapphires.<\/p>"}},"richtext_7UpJQN":{"type":"richtext","settings":{"content":"<p>Sapphires are tough stones, but not invincible.<\/p><p><span style=\"text-decoration:underline\">How to take care of sapphires<\/span><\/p><ul><li>To clean your sapphires and restore its shine, scrub lightly with a soft-bristled brush, warm water and mild detergent-free soap.<\/li><li>If your sapphires needs a little extra tlc, soak it in the warm water and mild detergent-free soap solution for a few minutes before scrubbing.<\/li><li>Avoid chemicals or excessive temperatures when cleaning.<\/li><li>Store in a safe, dry place when not worn to protect them from the elements of daily exposure.<\/li><\/ul>"}}},"block_order":["heading_L8i9d9","richtext_PpAwbe","richtext_7UpJQN"],"settings":{"color_scheme":"","separate_section_with_border":false,"image":"shopify:\/\/shop_images\/2_9541b80a-995e-46f8-b221-d39f0ba16b0d.png","reveal_on_scroll":false,"image_position":"start","content_width":"sm","remove_vertical_spacing":true}},"image_with_text_Kh7Uwp":{"type":"image-with-text","blocks":{"heading_zJfVxB":{"type":"heading","settings":{"text":"<span style=\"text-decoration:underline\"><strong>Lab Grown Emeralds<\/strong><\/span>","heading_tag":"h5"}},"richtext_b48t98":{"type":"richtext","settings":{"content":"<p>Produced in controlled laboratory environments, that mimic the conditions in the Earth's crust, lab-grown emeralds offer a conflict-free and more sustainable alternative to mined emeralds. These lab created emeralds have the same chemical composition, physical properties, and visual characteristics as natural emeralds, making them virtually indistinguishable. They also boast consistent quality, color purity, and brilliance, thanks to precise growth conditions in the labs.<\/p>"}},"richtext_AKkcJD":{"type":"richtext","settings":{"content":"<p><span style=\"text-decoration:underline\">How to take care of emeralds<\/span><\/p><ul><li>To clean your gemstone and restore its shine, scrub lightly with a soft-bristled brush, warm water and detergent-free soap<\/li><li>Do not soak your emeralds in soapy water and avoid harsh detergents that might dilute or remove oils from the stone<\/li><li>Avoid chemicals or excessive temperatures when cleaning<\/li><li>Emeralds are not as strong as diamonds and sapphires, so store separately from other gemstones<\/li><li>Store in a safe, dry place when not worn to protect them from the elements of daily exposure<\/li><\/ul>"}}},"block_order":["heading_zJfVxB","richtext_b48t98","richtext_AKkcJD"],"settings":{"color_scheme":"","separate_section_with_border":false,"image":"shopify:\/\/shop_images\/6_8a5fe5a9-4130-4f7c-b6fe-58c3426a1771.png","reveal_on_scroll":false,"image_position":"end","content_width":"sm","remove_vertical_spacing":true}},"image_with_text_A9LajH":{"type":"image-with-text","blocks":{"heading_VLyUUC":{"type":"heading","settings":{"text":"Image with text","heading_tag":"h1"}},"richtext_7WFaJN":{"type":"richtext","settings":{"content":"<p>Our gemstones are lab grown to reflect our commitment to integrity and quality. We use gemstones valued for their beauty and meaning in our storytelling creations.<\/p>"}}},"block_order":["heading_VLyUUC","richtext_7WFaJN"],"disabled":true,"settings":{"color_scheme":"","separate_section_with_border":true,"reveal_on_scroll":true,"image_position":"start","content_width":"sm","remove_vertical_spacing":true}}},"order":["image_with_text_overlay_zPDFDy","main","rich_text_hHXWAp","collection_list_tedz3P","image_with_text_3dHHWq","image_with_text_fgRbLk","image_with_text_eMaU3B","image_with_text_cDxLnz","image_with_text_GJbgyT","image_with_text_Kh7Uwp","image_with_text_A9LajH"]}