{"sections":{"main":{"type":"main-page","disabled":true,"settings":{"color_scheme":"","show_title":false,"page_width":"md"}},"multi_column_jKLwHn":{"type":"multi-column","blocks":{"image_with_text_jztxPV":{"type":"image_with_text","settings":{"image":"shopify:\/\/shop_images\/20_73aa09a2-99e6-4047-a2a3-342c07683170.png","title":"<strong>The Ring Size Guide<\/strong>","heading_tag":"h5","content":"<p>Measuring your ring size at home is easy. You can measure an existing ring using our size conversion chart or print and cut out our paper ring sizer.<\/p>","link_url":"https:\/\/cdn.shopify.com\/s\/files\/1\/0011\/7886\/1625\/files\/Odoba_the_brand_ring_sizing.pdf?v=1721498675","link_text":""}},"image_with_text_JYGzap":{"type":"image_with_text","disabled":true,"settings":{"image":"shopify:\/\/shop_images\/19.png","title":"<strong>The Hoop & Huggies Size Guide<\/strong>","heading_tag":"h5","content":"<p>Discover the perfect size for every mood, outfit, and occasion with our range of huggies from 9mm to 14mm, and hoops from 16mm to 32mm.<\/p>","link_url":"","link_text":""}},"image_with_text_fYgmb9":{"type":"image_with_text","settings":{"image":"shopify:\/\/shop_images\/5_9565088f-05e0-4723-a231-70ca82b0cd4b.png","title":"<strong>The Necklace Size Guide<\/strong>","heading_tag":"h5","content":"<p>The circumference of your neck and the size of the pendant will impact how your necklace sits, whether worn alone or layered. Most necklaces from Ọdọba come with an adjustable sliding chain, allowing you to find the perfect fit.<\/p>","link_url":"https:\/\/cdn.shopify.com\/s\/files\/1\/0011\/7886\/1625\/files\/FIND_YOUR_NECKLACE_PENDANT_LENGTH.pdf?v=1721498674","link_text":""}}},"block_order":["image_with_text_jztxPV","image_with_text_JYGzap","image_with_text_fYgmb9"],"settings":{"color_scheme":"","separate_section_with_border":false,"columns_per_row":3,"stack_on_mobile":true,"overlap_image":false,"content_alignment":"center","text_alignment":"start","spacing":"sm","subheading":"","title":"The Size Guide","content":"<p>Ensuring your jewellery fits perfectly is essential. Use our guide to find the right sizes for rings, chains, and hoops.<\/p>"}},"shop_the_look_JYjBVh":{"type":"shop-the-look","blocks":{"look_iHzxzR":{"type":"look","settings":{"hot_spots_background":"#ffffff","product_1":"broken-kolanut-band-yellow-gold-vermeil","product_1_horizontal_position":16,"product_1_vertical_position":50,"product_2":"agu-cub-full-body-pendant-rose-gold","product_2_horizontal_position":34,"product_2_vertical_position":65,"product_3":"broken-kolanut-band-rose-gold-blue-sapphires","product_3_horizontal_position":66,"product_3_vertical_position":42,"product_4":"broken-kolanut-leverback-earrings-rose-gold-row-of-white-diamonds-1","product_4_horizontal_position":85,"product_4_vertical_position":85}},"look_xp3RAc":{"type":"look","settings":{"hot_spots_background":"#ffffff","product_1":"","product_1_horizontal_position":55,"product_1_vertical_position":30,"product_2":"","product_2_horizontal_position":25,"product_2_vertical_position":40,"product_3":"","product_3_horizontal_position":65,"product_3_vertical_position":60,"product_4":"","product_4_horizontal_position":85,"product_4_vertical_position":85}},"look_BzTz4w":{"type":"look","settings":{"hot_spots_background":"#ffffff","product_1":"","product_1_horizontal_position":30,"product_1_vertical_position":35,"product_2":"","product_2_horizontal_position":70,"product_2_vertical_position":30,"product_3":"","product_3_horizontal_position":60,"product_3_vertical_position":65,"product_4":"","product_4_horizontal_position":85,"product_4_vertical_position":85}}},"block_order":["look_iHzxzR","look_xp3RAc","look_BzTz4w"],"settings":{"color_scheme":"scheme-1","separate_section_with_border":true,"subheading":"","title":"","content":"<h3>Explore the look<\/h3>","popover_title":"Explore the look"}},"featured_collections_QmDUeU":{"type":"featured-collections","blocks":{"collection_y3H9GQ":{"type":"collection","settings":{"collection":"rings","products_count":16,"title":"","link_url":"","link_text":"Explore All"}},"collection_Rmx8j8":{"type":"collection","settings":{"collection":"necklaces","products_count":16,"title":"","link_url":"","link_text":"Explore all"}}},"block_order":["collection_y3H9GQ","collection_Rmx8j8"],"settings":{"color_scheme":"","separate_section_with_border":false,"hide_product_information":true,"stack_products":false,"products_per_row_mobile":"2","products_per_row_desktop":4,"horizontal_spacing_factor":1,"vertical_spacing_factor":1,"subheading":""}}},"order":["main","multi_column_jKLwHn","shop_the_look_JYjBVh","featured_collections_QmDUeU"]}