{"sections":{"image_with_text_overlay_zPDFDy":{"type":"image-with-text-overlay","settings":{"color_scheme":"","image_size":"xs","image":"shopify:\/\/shop_images\/DEFA3844-7694-476D-808D-BEE038107C40.jpg","allow_transparent_header":false,"reveal_on_scroll":true,"remove_vertical_spacing":true,"content_width":"md","mobile_text_position":"place-self-center text-center","desktop_text_position":"sm:place-self-center sm:text-center","overlay_color":"#000000","overlay_opacity":0}},"main":{"type":"main-page","custom_css":[],"settings":{"color_scheme":"scheme-1","show_title":true,"page_width":"full"}},"rich_text_hHXWAp":{"type":"rich-text","settings":{"color_scheme":"","separate_section_with_border":false,"content_width":"sm","text_position":"center","remove_vertical_spacing":false}},"collection_list_F9jhxH":{"type":"collection-list","blocks":{"collection_TDDDqW":{"type":"collection","settings":{"color_scheme":"scheme-1","collection":"18-karat-gold","image":"shopify:\/\/shop_images\/1_e91ce7b4-c126-41be-aca4-f97f875f3d67.png","expand_collection":false,"content_position":"place-self-end-start text-start","subheading":"18K SOLID GOLD","title":"","button_text":"","button_link":"","overlay_color":"#000000","overlay_opacity":0}},"collection_NdHtCi":{"type":"collection","settings":{"color_scheme":"scheme-1","collection":"18k-gold-vermeil","image":"shopify:\/\/shop_images\/4_5d783302-9dc5-48dd-b0b9-19ad7055c045.png","expand_collection":false,"content_position":"place-self-end-start text-start","subheading":"18K GOLD VERMEIL","title":"","button_text":"","button_link":"","overlay_color":"#000000","overlay_opacity":30}},"collection_njbp9A":{"type":"collection","settings":{"color_scheme":"scheme-1","collection":"sterling-silver","image":"shopify:\/\/shop_images\/2_8f5e226c-eed4-4ea2-80ac-297c83a84055.png","expand_collection":false,"content_position":"place-self-end-start text-start","subheading":"925 STERLING SILVER","title":"","button_text":"","button_link":"","overlay_color":"#000000","overlay_opacity":30}}},"block_order":["collection_TDDDqW","collection_NdHtCi","collection_njbp9A"],"settings":{"color_scheme":"","separate_section_with_border":false,"image_size":"auto","show_text_outside":true,"space_items":true,"stack_collections":false,"collections_per_row_desktop":4,"subheading":"","title":"","content":""}},"faq_wPAMrT":{"type":"faq","blocks":{"question_de9Wcf":{"type":"question","settings":{"question":"18K Recycled Gold","answer":"<p>With its luxurious composition of 75% pure gold and 25% alloy metals, 18-karat solid gold strikes the perfect balance between purity and durability. This exquisite blend ensures that our jewelry not only gleams with the unmistakable radiance of pure gold but also possesses the strength and resilience to withstand the tests of time.<\/p><p>Lower karat gold alloys, such as 9-karat and 14-karat, contain a higher proportion of base metals. While they may offer affordability, they pale in comparison to the rich, warm glow and enduring beauty of 18-karat solid gold.<\/p><p>On the other hand, higher karat gold alloys, such as 22-karat and 24-karat, boast unparalleled purity, with 24-karat gold being the purest form of gold. However, their inherent softness and susceptibility to scratches and dents make them less practical for everyday wear.<\/p>"}},"question_r36Cpx":{"type":"question","settings":{"question":"22K Recycled Vermeil","answer":"<p>At its core, 22-karat vermeil embodies the perfect marriage of luxury and accessibility, blending the timeless elegance of 22-karat gold with the practicality of sterling silver. This enchanting fusion results in a precious metal of unparalleled allure, boasting a warm, golden hue that rivals even the most precious of solid gold alloys.<\/p><p>Crafted with meticulous care and attention to detail, 22-karat vermeil jewelry exudes a sense of refinement and sophistication that is simply unmatched. Our warm vermeil has a satin surface that softly captures the light in a dance of shimmering radiance, casting a spell of enchantment upon all who behold it.<\/p><p>Moreover, 22-karat vermeil offers a delightful alternative for those seeking the opulence of gold without the hefty price tag. By layering a generous coat of at least 2.5 microns of 22-karat gold over sterling silver, we are able to create pieces that exude the same luxurious appeal as solid gold, yet remain accessible to a wider audience.<\/p>"}},"question_Pb8cxD":{"type":"question","settings":{"question":"925 Recycled Sterling Silver","answer":"<p>At its core, 925 sterling silver embodies the perfect fusion of purity and durability, boasting a composition of 92.5% pure silver and 7.5% alloy metals. This impeccable blend not only ensures the unmistakable luster and brilliance of pure silver but also endows the metal with the strength and resilience to withstand the tests of time.<\/p><p>Moreover, 925 sterling silver offers a delightful versatility, effortlessly complementing a myriad of styles and aesthetics. Whether adorning a sleek modern design or a timeless classic, sterling silver jewelry adds a touch of understated elegance to any ensemble, elevating your look with effortless grace.<\/p>"}}},"block_order":["question_de9Wcf","question_r36Cpx","question_Pb8cxD"],"settings":{"color_scheme":"","separate_section_with_border":false,"show_categories":false,"subheading":"","title":"","content":"<h4>metal<\/h4>"}},"collection_list_FG39Vb":{"type":"collection-list","blocks":{"collection_GAj9BU":{"type":"collection","settings":{"color_scheme":"scheme-1","collection":"diamonds","image":"shopify:\/\/shop_images\/5_6c691509-1b1e-4535-9e8c-3bdfc3787a3d.png","expand_collection":false,"content_position":"place-self-end-start text-start","subheading":"LAB GROWN DIAMONDS","title":"","button_text":"","button_link":"","overlay_color":"#000000","overlay_opacity":0}},"collection_yqRkmD":{"type":"collection","settings":{"color_scheme":"scheme-1","collection":"lab-grown-emeralds","image":"shopify:\/\/shop_images\/17_1befa441-d47d-488d-9b0e-2ad4b9be65ea.png","expand_collection":false,"content_position":"place-self-end-start text-start","subheading":"LAB GROWN EMERALDS","title":"","button_text":"","button_link":"","overlay_color":"#000000","overlay_opacity":0}},"collection_6CWPtH":{"type":"collection","settings":{"color_scheme":"scheme-1","collection":"lab-grown-sapphires","image":"shopify:\/\/shop_images\/4_5d783302-9dc5-48dd-b0b9-19ad7055c045.png","expand_collection":false,"content_position":"place-self-end-start text-start","subheading":"LAB GROWN SAPPHIRES","title":"","button_text":"","button_link":"","overlay_color":"#000000","overlay_opacity":0}}},"block_order":["collection_GAj9BU","collection_yqRkmD","collection_6CWPtH"],"settings":{"color_scheme":"","separate_section_with_border":false,"image_size":"auto","show_text_outside":true,"space_items":true,"stack_collections":false,"collections_per_row_desktop":4,"subheading":"","title":"","content":""}},"faq_VB9HKn":{"type":"faq","blocks":{"question_M3BQ4t":{"type":"question","settings":{"question":"Lab Grown Diamond","answer":"<p>At their core, lab-grown diamonds embody the pinnacle of ethical sourcing and environmental stewardship. Unlike their mined counterparts, which are extracted from the earth through mining processes that can have significant environmental and social impacts, lab-grown diamonds are cultivated in controlled laboratory settings using advanced technology and sustainable practices.<\/p><p>Crafted with meticulous precision and care, lab-grown diamonds possess the same chemical composition, optical properties, and breathtaking beauty as mined diamonds. Each gem is grown under carefully controlled conditions, resulting in diamonds that are not only ethically sourced but also free from the environmental and social concerns associated with traditional mining.<\/p><p>Lab-grown diamonds exude the same brilliance and allure as their mined counterparts, while also embodying a commitment to conscious luxury and responsible sourcing.<\/p>"}},"question_iW9J7t":{"type":"question","settings":{"question":"Lab Grown Emerald","answer":"<p>...<\/p>"}},"question_YBe6Ve":{"type":"question","settings":{"question":"Lab Grown Sapphire","answer":"<p>Write a clear and concise answer to guide your customers.<\/p>"}}},"block_order":["question_M3BQ4t","question_iW9J7t","question_YBe6Ve"],"settings":{"color_scheme":"","separate_section_with_border":false,"show_categories":false,"subheading":"","title":"","content":"<h4>Gemstone<\/h4>"}},"image_with_text_overlay_mTbrXE":{"type":"image-with-text-overlay","settings":{"color_scheme":"scheme-1","image_size":"xs","image":"shopify:\/\/shop_images\/7D76DE87-C0A7-4345-8C42-6B9C7E5E4ABD.jpg","allow_transparent_header":false,"reveal_on_scroll":true,"remove_vertical_spacing":true,"content_width":"md","mobile_text_position":"place-self-center text-center","desktop_text_position":"sm:place-self-center sm:text-center","overlay_color":"#000000","overlay_opacity":0}}},"order":["image_with_text_overlay_zPDFDy","main","rich_text_hHXWAp","collection_list_F9jhxH","faq_wPAMrT","collection_list_FG39Vb","faq_VB9HKn","image_with_text_overlay_mTbrXE"]}