{"sections":{"main":{"type":"main-page","disabled":true,"custom_css":[],"settings":{"color_scheme":"scheme-1","show_title":true,"page_width":"full"}},"image_with_text_overlay_pthNdW":{"type":"image-with-text-overlay","blocks":{"richtext_NjtC4d":{"type":"richtext","settings":{"content":"<h2>Jewellery Traceability<\/h2>"}}},"block_order":["richtext_NjtC4d"],"settings":{"color_scheme":"scheme-ae220975-7a0f-4eb4-9b70-600dac492ea0","image_size":"sm","image":"shopify:\/\/shop_images\/7D76DE87-C0A7-4345-8C42-6B9C7E5E4ABD.jpg","allow_transparent_header":true,"reveal_on_scroll":false,"remove_vertical_spacing":true,"content_width":"md","mobile_text_position":"place-self-center text-center","desktop_text_position":"sm:place-self-center sm:text-center","overlay_color":"#000000","overlay_opacity":0}},"rich_text_fKiqRk":{"type":"rich-text","blocks":{"heading_cmx4pE":{"type":"heading","settings":{"text":"Transparency","heading_tag":"h4"}},"richtext_Qk3CcE":{"type":"richtext","settings":{"content":"<p>Transparency is at the core of our mission as we strive to provide insight into our process of creating both jewellery and leather goods.<\/p>"}}},"block_order":["heading_cmx4pE","richtext_Qk3CcE"],"settings":{"color_scheme":"","separate_section_with_border":false,"content_width":"sm","text_position":"center","remove_vertical_spacing":false}},"media_grid_pHMyHq":{"type":"media-grid","blocks":{"image_w7kFwP":{"type":"image","settings":{"color_scheme":"scheme-a148d179-9d90-4566-86fe-0c008217e3a0","image":"shopify:\/\/shop_images\/lucio-patone-ssJoxTDiUPg-unsplash.jpg","column_count":"6","row_count":2,"title":"","heading_tag":"h4","content":"","link_text":"","link_url":"","link_style":"link","text_position":"place-self-center text-center","overlay_color":"#000000","overlay_opacity":0}},"image_jF4h9x":{"type":"image","settings":{"color_scheme":"scheme-a148d179-9d90-4566-86fe-0c008217e3a0","image":"shopify:\/\/shop_images\/AdobeStock_85059715_Preview.jpg","column_count":"6","row_count":2,"title":"","heading_tag":"h4","content":"","link_text":"","link_url":"","link_style":"link","text_position":"place-self-center text-center","overlay_color":"#000000","overlay_opacity":0}}},"block_order":["image_w7kFwP","image_jF4h9x"],"settings":{"color_scheme":"","separate_section_with_border":false,"desktop_row_height":240,"mobile_row_height":140,"section_width":"sm","spacing":"sm","subheading":"","title":"","content":""}},"multiple_media_with_text_hY3k4h":{"type":"multiple-media-with-text","blocks":{"image_wrdhrY":{"type":"image","settings":{"rotation":0}},"image_z8YcEQ":{"type":"image","settings":{"rotation":0}}},"block_order":["image_wrdhrY","image_z8YcEQ"],"settings":{"color_scheme":"","reveal_on_scroll":false,"separate_section_with_border":false,"media_position_desktop":"after_text","media_position_mobile":"before_text","media_layout":"separated","media_alignment":"center","media_alignment_offset":0,"media_mobile_alignment_offset":0,"text_alignment":"center","subheading":"","title":"<strong>It Begins with a Sketch<\/strong>","content":"<p>Our team is a collaboration of talented individuals spanning from China to India to the United States of America. Across time-zones and oceans, we immerse ourselves in diverse cultures, exchanging inspiration, sketching concepts, and bringing ideas to life through both hand-drawn and technological methods.<\/p>","button_1_text":"","button_1_link":"","button_1_style":"solid","button_2_text":"","button_2_link":"","button_2_style":"solid"}},"multiple_media_with_text_9UAEDL":{"type":"multiple-media-with-text","blocks":{"image_UYzEX7":{"type":"image","settings":{"rotation":0}},"image_tJUiNy":{"type":"image","settings":{"rotation":0}}},"block_order":["image_UYzEX7","image_tJUiNy"],"settings":{"color_scheme":"","reveal_on_scroll":false,"separate_section_with_border":false,"media_position_desktop":"before_text","media_position_mobile":"before_text","media_layout":"separated","media_alignment":"start","media_alignment_offset":0,"media_mobile_alignment_offset":0,"text_alignment":"center","subheading":"","title":"<strong>Bring the Designs to Life with CAD<\/strong>","content":"<p>Once the designs are conceptualized, we collaborate with world-class, exceptionally talented CAD designers who pay meticulous attention to detail. Working together synergistically, we transform the drawings into vibrant realities, refining and enhancing them to achieve excellence.<\/p>","button_1_text":"","button_1_link":"","button_1_style":"solid","button_2_text":"","button_2_link":"","button_2_style":"solid"}},"multiple_media_with_text_ebrLCM":{"type":"multiple-media-with-text","blocks":{"image_9nXkgk":{"type":"image","settings":{"rotation":0}},"image_zBwp63":{"type":"image","settings":{"rotation":0}}},"block_order":["image_9nXkgk","image_zBwp63"],"settings":{"color_scheme":"","reveal_on_scroll":false,"separate_section_with_border":false,"media_position_desktop":"after_text","media_position_mobile":"before_text","media_layout":"separated","media_alignment":"end","media_alignment_offset":0,"media_mobile_alignment_offset":0,"text_alignment":"center","subheading":"","title":"<strong>Ethically Sourced Precious Metals and Gemstones<\/strong>","content":"<p>All our jewellery is crafted from ethically sourced, recycled gold and silver, ensuring sustainability and responsibility. Partnering with Responsible Jewellery Council certified factories, we prioritize ethical practices in our production process. From 22k gold for vermeil to 18k solid gold and 925 sterling silver, we exclusively use 100% recycled materials. Additionally, our lab-grown gemstones are meticulously sourced to reduce our environmental impact, furthering our commitment to eco-friendly and socially responsible practices.<\/p>","button_1_text":"","button_1_link":"","button_1_style":"solid","button_2_text":"","button_2_link":"","button_2_style":"solid"}},"multiple_media_with_text_974JYh":{"type":"multiple-media-with-text","blocks":{"image_nbRXhh":{"type":"image","settings":{"rotation":0}},"image_W4TYRH":{"type":"image","settings":{"rotation":0}}},"block_order":["image_nbRXhh","image_W4TYRH"],"settings":{"color_scheme":"","reveal_on_scroll":false,"separate_section_with_border":false,"media_position_desktop":"before_text","media_position_mobile":"before_text","media_layout":"separated","media_alignment":"start","media_alignment_offset":0,"media_mobile_alignment_offset":0,"text_alignment":"center","subheading":"","title":"<strong>Discover Conscientious Craftmanship<\/strong>","content":"<p>Our manufacturing partners are experts in meticulous, ethical, and responsible craftsmanship. They prioritize the well-being of people, placing them at the forefront of industry practices. Together, we are committed to building a better industry that values integrity, ethics, and human dignity above all else.<\/p>","button_1_text":"","button_1_link":"","button_1_style":"solid","button_2_text":"","button_2_link":"","button_2_style":"solid"}},"multiple_media_with_text_7pkqWP":{"type":"multiple-media-with-text","blocks":{"image_VXjK9t":{"type":"image","settings":{"rotation":0}},"image_qpCWa3":{"type":"image","settings":{"rotation":0}}},"block_order":["image_VXjK9t","image_qpCWa3"],"settings":{"color_scheme":"","reveal_on_scroll":false,"separate_section_with_border":false,"media_position_desktop":"after_text","media_position_mobile":"before_text","media_layout":"separated","media_alignment":"end","media_alignment_offset":0,"media_mobile_alignment_offset":0,"text_alignment":"center","subheading":"","title":"<strong>Quality Control<\/strong>","content":"<p>Each piece is meticulously crafted with a focus on longevity and comfort. We aspire for our creations to become cherished heirlooms, embodying the rich cultural heritage showcased in each collection.<\/p>","button_1_text":"","button_1_link":"","button_1_style":"solid","button_2_text":"","button_2_link":"","button_2_style":"solid"}},"image_with_text_AHhttb":{"type":"image-with-text","blocks":{"heading_EFT4QA":{"type":"heading","settings":{"text":"<strong>It Begins with a Sketch<\/strong>","heading_tag":"h3"}},"richtext_WqMhgN":{"type":"richtext","settings":{"content":"<p>Our team is a collaboration of talented individuals spanning from China to India to the United States of America. Across time-zones and oceans, we immerse ourselves in diverse cultures, exchanging inspiration, sketching concepts, and bringing ideas to life through both hand-drawn and technological methods.<\/p>"}}},"block_order":["heading_EFT4QA","richtext_WqMhgN"],"disabled":true,"settings":{"color_scheme":"","separate_section_with_border":false,"reveal_on_scroll":false,"image_position":"start","content_width":"md","remove_vertical_spacing":true}},"image_with_text_KPnanj":{"type":"image-with-text","blocks":{"heading_BwYiqk":{"type":"heading","settings":{"text":"<strong>Bring the Designs to Life with CAD<\/strong>","heading_tag":"h3"}},"richtext_Nfmm4C":{"type":"richtext","settings":{"content":"<p>Once the designs are conceptualized, we collaborate with world-class, exceptionally talented CAD designers who pay meticulous attention to detail. Working together synergistically, we transform the drawings into vibrant realities, refining and enhancing them to achieve excellence.<\/p>"}}},"block_order":["heading_BwYiqk","richtext_Nfmm4C"],"disabled":true,"settings":{"color_scheme":"","separate_section_with_border":false,"reveal_on_scroll":false,"image_position":"end","content_width":"md","remove_vertical_spacing":true}},"image_with_text_XNptRN":{"type":"image-with-text","blocks":{"heading_iTFRHH":{"type":"heading","settings":{"text":"<strong>Ethically Sourced Precious Metals and Gemstones<\/strong>","heading_tag":"h3"}},"richtext_rFFXbA":{"type":"richtext","settings":{"content":"<p>All our jewellery is crafted from ethically sourced, recycled gold and silver, ensuring sustainability and responsibility. Partnering with Responsible Jewellery Council certified factories, we prioritize ethical practices in our production process. From 22k gold for vermeil to 18k solid gold and 925 sterling silver, we exclusively use 100% recycled materials. Additionally, our lab-grown gemstones are meticulously sourced to reduce our environmental impact, furthering our commitment to eco-friendly and socially responsible practices.<\/p>"}}},"block_order":["heading_iTFRHH","richtext_rFFXbA"],"disabled":true,"settings":{"color_scheme":"","separate_section_with_border":false,"reveal_on_scroll":false,"image_position":"start","content_width":"md","remove_vertical_spacing":true}},"image_with_text_CRQAVP":{"type":"image-with-text","blocks":{"heading_K4QiAN":{"type":"heading","settings":{"text":"<strong>Discover Conscientious Craftsmanship<\/strong>","heading_tag":"h3"}},"richtext_ibmkmt":{"type":"richtext","settings":{"content":"<p>Our manufacturing partners are experts in meticulous, ethical, and responsible craftsmanship. They prioritize the well-being of people, placing them at the forefront of industry practices. Together, we are committed to building a better industry that values integrity, ethics, and human dignity above all else.<\/p>"}}},"block_order":["heading_K4QiAN","richtext_ibmkmt"],"disabled":true,"settings":{"color_scheme":"","separate_section_with_border":false,"reveal_on_scroll":false,"image_position":"end","content_width":"md","remove_vertical_spacing":true}},"image_with_text_PD4xy8":{"type":"image-with-text","blocks":{"heading_pFN4kh":{"type":"heading","settings":{"text":"<strong>Quality Control<\/strong>","heading_tag":"h3"}},"richtext_TgNXCi":{"type":"richtext","settings":{"content":"<p>Each piece is meticulously crafted with a focus on longevity and comfort. We aspire for our creations to become cherished heirlooms, embodying the rich cultural heritage showcased in each collection.<\/p>"}}},"block_order":["heading_pFN4kh","richtext_TgNXCi"],"disabled":true,"settings":{"color_scheme":"","separate_section_with_border":false,"reveal_on_scroll":false,"image_position":"start","content_width":"md","remove_vertical_spacing":true}},"collection_list_QcyFcD":{"type":"collection-list","blocks":{"collection_YhzaeC":{"type":"collection","settings":{"color_scheme":"scheme-1","collection":"","expand_collection":false,"content_position":"place-self-end-start text-start","subheading":"Our Designs","title":"","button_text":"","button_link":"shopify:\/\/pages\/jewellery-design","overlay_color":"#000000","overlay_opacity":0}},"collection_tEQ4n8":{"type":"collection","settings":{"color_scheme":"scheme-1","collection":"","expand_collection":false,"content_position":"place-self-end-start text-start","subheading":"Our Materials","title":"","button_text":"","button_link":"shopify:\/\/pages\/jewellery-materials","overlay_color":"#000000","overlay_opacity":0}},"collection_jX6Mwt":{"type":"collection","settings":{"color_scheme":"scheme-1","collection":"","expand_collection":false,"content_position":"place-self-end-start text-start","subheading":"Our Factories","title":"","button_text":"","button_link":"shopify:\/\/pages\/jewellery-factories","overlay_color":"#000000","overlay_opacity":0}},"collection_p3C9Vw":{"type":"collection","settings":{"color_scheme":"scheme-1","collection":"","expand_collection":false,"content_position":"place-self-end-start text-start","subheading":"Our Packaging","title":"","button_text":"","button_link":"shopify:\/\/pages\/jewellery-packaging","overlay_color":"#000000","overlay_opacity":0}}},"block_order":["collection_YhzaeC","collection_tEQ4n8","collection_jX6Mwt","collection_p3C9Vw"],"settings":{"color_scheme":"","separate_section_with_border":false,"image_size":"auto","show_text_outside":true,"space_items":true,"stack_collections":true,"collections_per_row_desktop":4,"subheading":"","title":"","content":""}}},"order":["main","image_with_text_overlay_pthNdW","rich_text_fKiqRk","media_grid_pHMyHq","multiple_media_with_text_hY3k4h","multiple_media_with_text_9UAEDL","multiple_media_with_text_ebrLCM","multiple_media_with_text_974JYh","multiple_media_with_text_7pkqWP","image_with_text_AHhttb","image_with_text_KPnanj","image_with_text_XNptRN","image_with_text_CRQAVP","image_with_text_PD4xy8","collection_list_QcyFcD"]}