{"sections":{"image_with_text_overlay_pthNdW":{"type":"image-with-text-overlay","blocks":{"richtext_NjtC4d":{"type":"richtext","settings":{"content":"<h2>Design<\/h2>"}}},"block_order":["richtext_NjtC4d"],"settings":{"color_scheme":"scheme-ae220975-7a0f-4eb4-9b70-600dac492ea0","image_size":"sm","image":"shopify:\/\/shop_images\/lucio-patone-ssJoxTDiUPg-unsplash.jpg","allow_transparent_header":true,"reveal_on_scroll":false,"remove_vertical_spacing":true,"content_width":"md","mobile_text_position":"place-self-center text-center","desktop_text_position":"sm:place-self-center sm:text-center","overlay_color":"#000000","overlay_opacity":0}},"main":{"type":"main-page","custom_css":[],"settings":{"color_scheme":"scheme-a148d179-9d90-4566-86fe-0c008217e3a0","show_title":false,"page_width":"xs"}},"multiple_media_with_text_7nqU4A":{"type":"multiple-media-with-text","blocks":{"image_6mWjfe":{"type":"image","settings":{"image":"shopify:\/\/shop_images\/5_6750045b-f32a-4ccf-9fdf-b22ebb382b69.png","rotation":0}},"image_kFiXJY":{"type":"image","settings":{"image":"shopify:\/\/shop_images\/19_994934a0-d2f0-4569-871c-2a62096cd059.png","rotation":0}}},"block_order":["image_6mWjfe","image_kFiXJY"],"settings":{"color_scheme":"scheme-a148d179-9d90-4566-86fe-0c008217e3a0","reveal_on_scroll":false,"separate_section_with_border":false,"media_position_desktop":"before_text","media_position_mobile":"before_text","media_layout":"overlap","media_alignment":"center","media_alignment_offset":80,"media_mobile_alignment_offset":40,"text_alignment":"center","subheading":"","title":"Inspiration","content":"<p>We draw inspiration from cultural exploration, the diverse backgrounds of those around us, and architectural forms. Immersed in nature and guided by our shared Principles, we find endless wells of inspiration to fuel our creative journey.<\/p>","button_1_text":"","button_1_link":"","button_1_style":"outline","button_2_text":"","button_2_link":"","button_2_style":"outline"}},"multiple_media_with_text_mDVFHQ":{"type":"multiple-media-with-text","blocks":{"image_CNbykU":{"type":"image","settings":{"image":"shopify:\/\/shop_images\/2_9541b80a-995e-46f8-b221-d39f0ba16b0d.png","rotation":0}},"image_mCHUgG":{"type":"image","settings":{"image":"shopify:\/\/shop_images\/WhatsAppImage2024-03-12at14.18.33_5682e79d.jpg","rotation":0}}},"block_order":["image_CNbykU","image_mCHUgG"],"settings":{"color_scheme":"scheme-a148d179-9d90-4566-86fe-0c008217e3a0","reveal_on_scroll":false,"separate_section_with_border":false,"media_position_desktop":"after_text","media_position_mobile":"before_text","media_layout":"overlap","media_alignment":"start","media_alignment_offset":80,"media_mobile_alignment_offset":40,"text_alignment":"center","subheading":"","title":"Jewellery Design & Creation","content":"<p>Countless hours are dedicated to immersing ourselves in the intricacies of the cultures we focus on, delving into the rich beauty they hold. From this deep learning, we begin the process of sketching and designing exquisite pieces that reflect the essence of what we've gathered. With the assistance of our remarkably skilled CAD designers, these sketches are brought to life, transforming into tangible printable prototypes. Prior to their official launch, each prototype undergoes rigorous testing by our team, ensuring both comfort and quality meet our exacting standards.<\/p>","button_1_text":"","button_1_link":"","button_1_style":"solid","button_2_text":"","button_2_link":"","button_2_style":"solid"}},"media_grid_CBEFRL":{"type":"media-grid","blocks":{"image_eA6g6Y":{"type":"image","settings":{"color_scheme":"","column_count":"6","row_count":2,"title":"","heading_tag":"h4","content":"","link_text":"","link_url":"","link_style":"link","text_position":"place-self-center text-center","overlay_color":"#000000","overlay_opacity":0}},"image_HgpnHj":{"type":"image","settings":{"color_scheme":"","column_count":"6","row_count":1,"title":"","heading_tag":"h4","content":"","link_text":"","link_url":"","link_style":"link","text_position":"place-self-center text-center","overlay_color":"#000000","overlay_opacity":0}}},"block_order":["image_eA6g6Y","image_HgpnHj"],"disabled":true,"settings":{"color_scheme":"scheme-a148d179-9d90-4566-86fe-0c008217e3a0","separate_section_with_border":false,"desktop_row_height":260,"mobile_row_height":180,"section_width":"lg","spacing":"md","subheading":"","title":"","content":""}},"rich_text_yUGMtG":{"type":"rich-text","blocks":{"heading_dCNtd8":{"type":"heading","settings":{"text":"Now Immerse Yourself","heading_tag":"h3"}},"button_RWhyaY":{"type":"button","settings":{"style":"solid","text":"Explore All →","url":"shopify:\/\/collections\/jewelry","background":"","text_color":"#42240b"}}},"block_order":["heading_dCNtd8","button_RWhyaY"],"settings":{"color_scheme":"scheme-a148d179-9d90-4566-86fe-0c008217e3a0","separate_section_with_border":false,"content_width":"sm","text_position":"center","remove_vertical_spacing":false}},"collection_list_QcyFcD":{"type":"collection-list","blocks":{"collection_YhzaeC":{"type":"collection","settings":{"color_scheme":"scheme-a148d179-9d90-4566-86fe-0c008217e3a0","collection":"","expand_collection":false,"content_position":"place-self-end-start text-start","subheading":"Our Designs","title":"","button_text":"","button_link":"shopify:\/\/pages\/jewellery-design","overlay_color":"#000000","overlay_opacity":0}},"collection_tEQ4n8":{"type":"collection","settings":{"color_scheme":"scheme-a148d179-9d90-4566-86fe-0c008217e3a0","collection":"","expand_collection":false,"content_position":"place-self-end-start text-start","subheading":"Our Materials","title":"","button_text":"","button_link":"shopify:\/\/pages\/jewellery-materials","overlay_color":"#000000","overlay_opacity":0}},"collection_jX6Mwt":{"type":"collection","settings":{"color_scheme":"scheme-a148d179-9d90-4566-86fe-0c008217e3a0","collection":"","expand_collection":false,"content_position":"place-self-end-start text-start","subheading":"Our Factories","title":"","button_text":"","button_link":"shopify:\/\/pages\/jewellery-factories","overlay_color":"#000000","overlay_opacity":0}},"collection_p3C9Vw":{"type":"collection","settings":{"color_scheme":"scheme-a148d179-9d90-4566-86fe-0c008217e3a0","collection":"","expand_collection":false,"content_position":"place-self-end-start text-start","subheading":"Our Packaging","title":"","button_text":"","button_link":"shopify:\/\/pages\/jewellery-packaging","overlay_color":"#000000","overlay_opacity":0}}},"block_order":["collection_YhzaeC","collection_tEQ4n8","collection_jX6Mwt","collection_p3C9Vw"],"settings":{"color_scheme":"scheme-a148d179-9d90-4566-86fe-0c008217e3a0","separate_section_with_border":false,"image_size":"auto","show_text_outside":true,"space_items":true,"stack_collections":true,"collections_per_row_desktop":4,"subheading":"","title":"","content":""}}},"order":["image_with_text_overlay_pthNdW","main","multiple_media_with_text_7nqU4A","multiple_media_with_text_mDVFHQ","media_grid_CBEFRL","rich_text_yUGMtG","collection_list_QcyFcD"]}