{"sections":{"main":{"type":"main-product","blocks":{"text_b8Fr8a":{"type":"text","disabled":true,"settings":{"text":"<p>{{ product.metafields.custom.leather.value }}<\/p>"}},"title_PPYNYQ":{"type":"title","settings":{"heading_tag":"h3"}},"text_nt8NVh":{"type":"text","settings":{"text":"<h6>{{ product.metafields.custom.product_material.value }}<\/h6>"}},"price_7DCT8p":{"type":"price","settings":{"show_taxes_notice":false}},"product_variations_6MnVpX":{"type":"product_variations","settings":{"option_name":"VARIATIONS","option_value_metafield":"","products":"{{ product.metafields.custom.variations.value }}","selector_style":"variant_image"}},"buy_buttons_icX7H9":{"type":"buy_buttons","settings":{"show_payment_button":false,"show_gift_card_recipient":false,"atc_button_background":"#feecb8","atc_button_text_color":"","payment_button_background":"","payment_button_text_color":""}},"wishlist_king_wishlist_button_block_8wHaGb":{"type":"shopify:\/\/apps\/wishlist-king\/blocks\/wishlist-button-block\/194f5011-a43c-4b22-b12e-eaf20dc4506a","settings":{"button_style":"plain_accent_1","button_alignment":"center","button_content_alignment":"center","button_margin_top":0,"button_margin_bottom":0,"button_max_width":0,"button_padding_horizontal":15,"button_full_width":true,"button_show_text":true,"button_show_icon":true,"icon_size":18,"icon_stroke_width":1,"icon_offset_vertical":0}}},"block_order":["text_b8Fr8a","title_PPYNYQ","text_nt8NVh","price_7DCT8p","product_variations_6MnVpX","buy_buttons_icX7H9","wishlist_king_wishlist_button_block_8wHaGb"],"settings":{"color_scheme":"","container_size":"full","product_info_size":40,"show_sticky_add_to_cart":true,"center_basic_info":false,"desktop_media_layout":"carousel_thumbnails_bottom","desktop_media_grid_gap":30,"mobile_controls":"free_scroll","enable_media_autoplay":true,"enable_video_looping":true,"enable_image_zoom":true,"max_image_zoom_level":3}},"rich_text_M6UQTm":{"type":"rich-text","blocks":{"richtext_8GGr93":{"type":"richtext","settings":{"content":"<p>{{ product.metafields.custom.product_description | metafield_tag }}<\/p>"}}},"block_order":["richtext_8GGr93"],"settings":{"color_scheme":"","separate_section_with_border":false,"content_width":"sm","text_position":"center","remove_vertical_spacing":false}},"tabs_yjwVz8":{"type":"tabs","blocks":{"tab_wKPqHW":{"type":"tab","settings":{"title":"Details & Fit","content":"<p>Collection: Otu<\/p><p> -------------------------------<\/p><p>Composition: {{ product.metafields.custom.handbag_outer_material.value }}<br\/>Lining: {{ product.metafields.custom.lining_material.value }}<br\/>Handle Drop: {{ product.metafields.custom.handle_drop.value }}<br\/>Dimensions (length x height x width): {{ product.metafields.custom.handbag_dimensions | metafield_tag }}cm <br\/>Weight: {{ product.metafields.custom.weight.value }}<br\/>{{ product.metafields.custom.hardware_tone.value }}-tone hardware<\/p><p>-------------------------------<\/p><p>Colour: {{ product.metafields.custom.product_color.value }}<br\/>Item code: {{ product.metafields.custom.sku.value }}<\/p>","page":"","open_on_mobile":false}},"tab_EJnrC9":{"type":"tab","settings":{"title":"Traceability","content":"<p>Better traceability lies at the core of our endeavour to improve our materials as well as social and environmental practices and standards.<\/p><p>Raw Hide: {{ product.metafields.custom.raw_hide.value }}<br\/>Tanning: {{ product.metafields.custom.tanning.value }}<br\/>Crafting: {{ product.metafields.custom.crafting.value }}<\/p>","page":"","open_on_mobile":false}},"tab_mNkNze":{"type":"tab","settings":{"title":"Product Care","content":"<p>Ọdọba creations are crafted from carefully select materials. Please treat them gently to ensure their enduring quality and longevity.<\/p><p>-------------------------------<\/p><p>1. Protect from direct light, heat and rain. Should it become wet, dry it immediately with a soft cloth.<br\/>2. Fill the bag with acid free tissue paper to help maintain its shape and absorb humidity, and store in the provided cotton twill dust bag. Do not put desiccants in the bag or dust bag.<br\/>3. Do not carry heavy products that may affect the shape of the bag.<br\/>4. Clean with a soft, dry cloth.<br\/><\/p>","page":"","open_on_mobile":false}}},"block_order":["tab_wKPqHW","tab_EJnrC9","tab_mNkNze"],"settings":{"color_scheme":"","separate_section_with_border":false,"subheading":"","title":"","text_alignment":"center"}},"rich_text_bDRbFa":{"type":"rich-text","blocks":{"richtext_KQKJBR":{"type":"richtext","settings":{"content":"<p>------------------------------------------------------------------------------------------------------<\/p>"}}},"block_order":["richtext_KQKJBR"],"settings":{"color_scheme":"","separate_section_with_border":false,"content_width":"sm","text_position":"center","remove_vertical_spacing":false}},"1712439271bbec6357":{"type":"apps","blocks":{"planet_shopify_planet_AK7NyF":{"type":"shopify:\/\/apps\/planet\/blocks\/shopify-planet\/12047591-3a2d-45cc-9dfd-2ce5eaa45dee","settings":{"badgeMode":"info","customText":"","showMoreInfo":"modal","showLogo":true,"showStats":false,"showProjects":true,"backgroundColor":"#fffbf3","textColor":"#44250b","borderColor":"#44250b","fullWidth":false,"marginTop":0,"marginBottom":0,"borderRadius":4}}},"block_order":["planet_shopify_planet_AK7NyF"],"settings":{"color_scheme":"","separate_section_with_border":false,"remove_vertical_spacing":true,"remove_horizontal_spacing":true}},"text_with_icons_qBy3tK":{"type":"text-with-icons","blocks":{"item_V9UeKP":{"type":"item","settings":{"icon":"picto-box","icon_width":24,"mobile_icon_width":24,"title":"FSC CERTIFIED PACKAGING","content":""}},"item_DdQCAq":{"type":"item","settings":{"icon":"picto-delivery-truck","icon_width":24,"mobile_icon_width":24,"title":"FREE INSURED SHIPPING","content":""}},"item_r4tWha":{"type":"item","settings":{"icon":"picto-return","icon_width":24,"mobile_icon_width":24,"title":"<a href=\"https:\/\/www.odoba.co\/policies\/refund-policy\" title=\"Refund Policy\">COMPLIMENTARY 30 DAY RETURN<\/a>","content":""}}},"block_order":["item_V9UeKP","item_DdQCAq","item_r4tWha"],"settings":{"color_scheme":"","separate_section_with_border":false,"stack_on_mobile":false,"icon_color":"","text_color":"","text_alignment":"center"}},"related_products_cbmiPA":{"type":"related-products","settings":{"color_scheme":"","separate_section_with_border":true,"hide_product_information":false,"stack_products":false,"recommendations_count":10,"products_per_row_mobile":"2","products_per_row_desktop":4,"horizontal_spacing_factor":1,"vertical_spacing_factor":1,"subheading":"","title":"","content":"<h4>You May Also Like<\/h4>"}},"recently_viewed_products_TmhbWc":{"type":"recently-viewed-products","settings":{"separate_section_with_border":false,"color_scheme":"","hide_product_information":false,"stack_products":false,"products_count":9,"products_per_row_mobile":"2","products_per_row_desktop":4,"horizontal_spacing_factor":1,"vertical_spacing_factor":1,"subheading":"","title":"","content":"<h4>RECENTLY VIEWED<\/h4><p>Items you have recently viewed.<\/p>"}}},"order":["main","rich_text_M6UQTm","tabs_yjwVz8","rich_text_bDRbFa","1712439271bbec6357","text_with_icons_qBy3tK","related_products_cbmiPA","recently_viewed_products_TmhbWc"]}