{"sections":{"main":{"type":"main-product","blocks":{"text_3Tj8MF":{"type":"text","settings":{"text":"<p>{{ product.metafields.custom.principles.value }}<\/p>"}},"title_PPYNYQ":{"type":"title","settings":{"heading_tag":"h3"}},"text_nAMKnW":{"type":"text","settings":{"text":"<p>{{ product.metafields.custom.product_material.value }}<\/p>"}},"text_L44ttD":{"type":"text","settings":{"text":"<h6>{{ product.metafields.custom.made_to_order.value }}<\/h6>"}},"price_7DCT8p":{"type":"price","settings":{"show_taxes_notice":false}},"product_variations_6ceMrm":{"type":"product_variations","settings":{"option_name":"VARIATIONS","option_value_metafield":"","products":"{{ product.metafields.custom.variations.value }}","selector_style":"variant_image"}},"buy_buttons_icX7H9":{"type":"buy_buttons","settings":{"show_payment_button":false,"show_gift_card_recipient":false,"atc_button_background":"#feecb8","atc_button_text_color":"","payment_button_background":"","payment_button_text_color":""}}},"block_order":["text_3Tj8MF","title_PPYNYQ","text_nAMKnW","text_L44ttD","price_7DCT8p","product_variations_6ceMrm","buy_buttons_icX7H9"],"settings":{"color_scheme":"","container_size":"lg","product_info_size":40,"show_sticky_add_to_cart":true,"center_basic_info":false,"desktop_media_layout":"carousel_dots","desktop_media_grid_gap":30,"mobile_controls":"dots","enable_media_autoplay":false,"enable_video_looping":true,"enable_image_zoom":true,"max_image_zoom_level":3}},"rich_text_eTJYtf":{"type":"rich-text","blocks":{"richtext_Nk9G73":{"type":"richtext","settings":{"content":"<p>{{ product.metafields.custom.product_description | metafield_tag }}<\/p>"}}},"block_order":["richtext_Nk9G73"],"settings":{"color_scheme":"","separate_section_with_border":false,"content_width":"sm","text_position":"center","remove_vertical_spacing":true}},"tabs_yjwVz8":{"type":"tabs","blocks":{"tab_wKPqHW":{"type":"tab","settings":{"title":"Details","content":"<p>Collection: Ala Igbo<\/p><p> -------------------------------<\/p><p>Crafted in: {{ product.metafields.custom.product_style.value }}<br\/>Dimensions: {{ product.metafields.custom.jewellery_dimensions.value }}cm<br\/>Artist: {{ product.metafields.custom.artist.value }}<\/p><p> -------------------------------<\/p><p>{{ product.metafields.custom.made_to_order_in_depth | metafield_tag }}<\/p><p>Item code: {{ product.metafields.custom.sku.value }}<\/p>","page":"","open_on_mobile":true}},"tab_WnjQ3g":{"type":"tab","settings":{"title":"About the Artist","content":"<p>{{ product.metafields.custom.about_the_artist | metafield_tag }}<\/p>","page":"","open_on_mobile":false}},"tab_mNkNze":{"type":"tab","settings":{"title":"Product Care","content":"<p>{{ product.metafields.custom.jewellery_product_care | metafield_tag }}<\/p>","page":"","open_on_mobile":false}},"tab_gWjmVk":{"type":"tab","settings":{"title":"Warranty","content":"<p>Under our warranty, we’ve got your back. This means that for 2 years from the date of purchase, we’ll take care of your product if any damage to the material or the workmanship of the jewelry occurs. Just contact us and we’ll work together to find a resolution. We work with top manufacturers to create handcrafted, responsibly sourced pieces that are made to last. We’re confident in the quality of our product hence the 2-year coverage. This also means that the warranty does not cover lost items, scratches that come with normal wear and tear (like a bent ring or broken chain), improper use or storage of your product, and any modification to your product done by a third party outside of Ọdọba. Note: Items purchased through a third-party vendor (outside of odoba.co and our listed stockist) will not be covered under Ọdọba’s warranty.<\/p>","page":"","open_on_mobile":false}}},"block_order":["tab_wKPqHW","tab_WnjQ3g","tab_mNkNze","tab_gWjmVk"],"settings":{"color_scheme":"","separate_section_with_border":false,"subheading":"","title":"","text_alignment":"center"}},"rich_text_FUEYrk":{"type":"rich-text","blocks":{"richtext_TtELhN":{"type":"richtext","settings":{"content":"<p>--------------------------------------------------------------------<\/p>"}}},"block_order":["richtext_TtELhN"],"settings":{"color_scheme":"","separate_section_with_border":false,"content_width":"sm","text_position":"center","remove_vertical_spacing":false}},"1712434740fd585b97":{"type":"apps","blocks":{"planet_shopify_planet_MPGDp9":{"type":"shopify:\/\/apps\/planet\/blocks\/shopify-planet\/12047591-3a2d-45cc-9dfd-2ce5eaa45dee","settings":{"badgeMode":"info","showLogo":true,"showStats":false,"showProjects":true,"backgroundColor":"#fdfaf4","textColor":"#44250b","borderColor":"#44250b","fullWidth":false,"marginTop":0,"marginBottom":0,"borderRadius":4}}},"block_order":["planet_shopify_planet_MPGDp9"],"settings":{"color_scheme":"","separate_section_with_border":false,"remove_vertical_spacing":true,"remove_horizontal_spacing":true}},"text_with_icons_Htg39r":{"type":"text-with-icons","blocks":{"item_7HYRxk":{"type":"item","settings":{"icon":"picto-box","icon_width":24,"mobile_icon_width":24,"title":"FSC CERTIFIED PACKAGING","content":""}},"item_A4Xjqr":{"type":"item","settings":{"icon":"picto-delivery-truck","icon_width":24,"mobile_icon_width":24,"title":"FREE INSURED SHIPPING","content":""}},"item_iea8Th":{"type":"item","settings":{"icon":"picto-return","icon_width":24,"mobile_icon_width":24,"title":"<a href=\"https:\/\/www.odoba.co\/policies\/refund-policy\" title=\"Refund Policy\">COMPLIMENTARY 30 DAY RETURN<\/a>","content":""}}},"block_order":["item_7HYRxk","item_A4Xjqr","item_iea8Th"],"settings":{"color_scheme":"","separate_section_with_border":false,"stack_on_mobile":false,"icon_color":"","text_color":"","text_alignment":"center"}},"image_with_text_overlay_FbtXxj":{"type":"image-with-text-overlay","settings":{"color_scheme":"","image_size":"auto","image":"shopify:\/\/shop_images\/Untitled_design_10.png","allow_transparent_header":false,"reveal_on_scroll":false,"remove_vertical_spacing":true,"content_width":"xs","mobile_text_position":"place-self-center text-center","desktop_text_position":"sm:place-self-center sm:text-center","overlay_color":"rgba(0,0,0,0)","overlay_opacity":30}},"multiple_media_with_text_tzpyUm":{"type":"multiple-media-with-text","blocks":{"image_fJFDFF":{"type":"image","settings":{"image":"shopify:\/\/shop_images\/IMG_4283.jpg","rotation":0}}},"block_order":["image_fJFDFF"],"settings":{"color_scheme":"scheme-ae220975-7a0f-4eb4-9b70-600dac492ea0","reveal_on_scroll":false,"separate_section_with_border":false,"media_position_desktop":"before_text","media_position_mobile":"before_text","media_layout":"overlap","media_alignment":"center","media_alignment_offset":0,"media_mobile_alignment_offset":0,"text_alignment":"center","subheading":"","title":"Isi Agu","content":"<p>Isi agu stands as a powerful symbol of heritage and tradition. Rooted in history, this distinctive motif, depicting the majestic head of a lion, embodies the values of strength, courage, and leadership revered by the Igbo people. Adorning ceremonial attire, the isi agu serves as a timeless emblem of authority and prestige, woven deeply into the fabric of Igbo identity.<br\/><br\/>Beyond its aesthetic significance, the isi agu holds profound cultural significance within Igbo traditions. It is not merely a decorative motif but a vessel of ancestral wisdom and collective memory, passed down through generations. In Igbo masquerade rituals, the lion's presence is felt in vibrant performances, where dancers adorned in elaborate costumes pay homage to the lion's regal spirit, captivating audiences with their graceful movements and evocative storytelling.<\/p>","button_1_text":"","button_1_link":"","button_1_style":"solid","button_2_text":"","button_2_link":"","button_2_style":"solid"}},"image_with_text_overlay_zBkLfy":{"type":"image-with-text-overlay","settings":{"color_scheme":"","image_size":"auto","image":"shopify:\/\/shop_images\/Untitled_design_11.png","allow_transparent_header":false,"reveal_on_scroll":false,"remove_vertical_spacing":true,"content_width":"md","mobile_text_position":"place-self-center text-center","desktop_text_position":"sm:place-self-center sm:text-center","overlay_color":"rgba(0,0,0,0)","overlay_opacity":30}},"related_products_cbmiPA":{"type":"related-products","settings":{"color_scheme":"","separate_section_with_border":false,"hide_product_information":false,"stack_products":false,"recommendations_count":10,"products_per_row_mobile":"2","products_per_row_desktop":4,"horizontal_spacing_factor":1,"vertical_spacing_factor":1,"subheading":"","title":"","content":"<h4>you may also like<\/h4>"}},"recently_viewed_products_NL4BLB":{"type":"recently-viewed-products","settings":{"separate_section_with_border":false,"color_scheme":"","hide_product_information":false,"stack_products":false,"products_count":9,"products_per_row_mobile":"2","products_per_row_desktop":4,"horizontal_spacing_factor":1,"vertical_spacing_factor":1,"subheading":"","title":"","content":"<h4>RECENTLY VIEWED<\/h4><p>Items you have recently viewed.<\/p>"}}},"order":["main","rich_text_eTJYtf","tabs_yjwVz8","rich_text_FUEYrk","1712434740fd585b97","text_with_icons_Htg39r","image_with_text_overlay_FbtXxj","multiple_media_with_text_tzpyUm","image_with_text_overlay_zBkLfy","related_products_cbmiPA","recently_viewed_products_NL4BLB"]}