{"sections":{"f3e5fb4d-ae92-4b47-8884-773be735bf89":{"type":"faq","blocks":{"template--16182574088351__f3e5fb4d-ae92-4b47-8884-773be735bf89-category-1":{"type":"category","settings":{"title":"Product details","icon":"none","icon_width":16}},"template--16182574088351__f3e5fb4d-ae92-4b47-8884-773be735bf89-question-1":{"type":"question","settings":{"question":"PRODUCT DETAILS","answer":"<p>Duis condimentum dolor sed dui commodo rhoncus. Proin dictum, magna ut ultricies dignissim, tellus tortor efficitur tortor, eget tincidunt felis arcu id orci. Mauris non neque vitae tortor eleifend elementum vel vel est. Pellentesque sed est sed risus mattis sagittis. Etiam sollicitudin semper nisi. Duis congue est id erat aliquet, id sollicitudin sapien viverra. Suspendisse eros dui, imperdiet in augue vitae, vehicula feugiat erat. Vestibulum ante ipsum primis in faucibus orci luctus et ultrices posuere cubilia curae; Curabitur tempor purus facilisis dictum imperdiet. <\/p><ul><li>Morbi mollis <\/li><li>magna aliquet <\/li><li>ullamcorper luctus<\/li><\/ul>"}},"template--16182574088351__f3e5fb4d-ae92-4b47-8884-773be735bf89-question-2":{"type":"question","settings":{"question":"MATERIALS & SOURCING","answer":"<p>Duis condimentum dolor sed dui commodo rhoncus. Proin dictum, magna ut ultricies dignissim, tellus tortor efficitur tortor, eget tincidunt felis arcu id orci. Mauris non neque vitae tortor eleifend elementum vel vel est. Pellentesque sed est sed risus mattis sagittis. Etiam sollicitudin semper nisi. Duis congue est id erat aliquet, id sollicitudin sapien viverra. Suspendisse eros dui, imperdiet in augue vitae, vehicula feugiat erat. Vestibulum ante ipsum primis in faucibus orci luctus et ultrices posuere cubilia curae; Curabitur tempor purus facilisis dictum imperdiet. Morbi mollis magna aliquet ullamcorper luctus.<\/p>"}},"template--16182574088351__f3e5fb4d-ae92-4b47-8884-773be735bf89-question-3":{"type":"question","settings":{"question":"CARE","answer":"<p>Duis condimentum dolor sed dui commodo rhoncus. Proin dictum, magna ut ultricies dignissim, tellus tortor efficitur tortor, eget tincidunt felis arcu id orci. Mauris non neque vitae tortor eleifend elementum vel vel est. Pellentesque sed est sed risus mattis sagittis. Etiam sollicitudin semper nisi. Duis congue est id erat aliquet, id sollicitudin sapien viverra. Suspendisse eros dui, imperdiet in augue vitae, vehicula feugiat erat. Vestibulum ante ipsum primis in faucibus orci luctus et ultrices posuere cubilia curae; Curabitur tempor purus facilisis dictum imperdiet. Morbi mollis magna aliquet ullamcorper luctus.<\/p>"}},"4fc659f4-f364-44ce-8597-f83f3b04bb41":{"type":"question","settings":{"question":"SIZING","answer":"<p>Duis condimentum dolor sed dui commodo rhoncus. Proin dictum, magna ut ultricies dignissim, tellus tortor efficitur tortor, eget tincidunt felis arcu id orci. Mauris non neque vitae tortor eleifend elementum vel vel est. Pellentesque sed est sed risus mattis sagittis. Etiam sollicitudin semper nisi. Duis congue est id erat aliquet, id sollicitudin sapien viverra. Suspendisse eros dui, imperdiet in augue vitae, vehicula feugiat erat. Vestibulum ante ipsum primis in faucibus orci luctus et ultrices posuere cubilia curae; Curabitur tempor purus facilisis dictum imperdiet. Morbi mollis magna aliquet ullamcorper luctus.<\/p>"}}},"block_order":["template--16182574088351__f3e5fb4d-ae92-4b47-8884-773be735bf89-category-1","template--16182574088351__f3e5fb4d-ae92-4b47-8884-773be735bf89-question-1","template--16182574088351__f3e5fb4d-ae92-4b47-8884-773be735bf89-question-2","template--16182574088351__f3e5fb4d-ae92-4b47-8884-773be735bf89-question-3","4fc659f4-f364-44ce-8597-f83f3b04bb41"],"disabled":true,"settings":{"color_scheme":"","separate_section_with_border":false,"show_categories":false,"subheading":"","title":"","content":""}},"recently-viewed-products":{"type":"recently-viewed-products","settings":{"separate_section_with_border":true,"color_scheme":"","hide_product_information":true,"stack_products":false,"products_count":9,"products_per_row_mobile":"2","products_per_row_desktop":4,"horizontal_spacing_factor":1,"vertical_spacing_factor":1,"subheading":"","title":"Recently viewed","content":""}},"7a2724e2-dedf-492a-b1f0-3fcfc6523f35":{"type":"related-products","settings":{"color_scheme":"","separate_section_with_border":true,"hide_product_information":true,"stack_products":false,"recommendations_count":10,"products_per_row_mobile":"2","products_per_row_desktop":4,"horizontal_spacing_factor":1,"vertical_spacing_factor":1,"subheading":"","title":"you may also like","content":""}},"main":{"type":"main-product","blocks":{"16898624-6c7e-4cb6-b1f3-dc9b18f365d7":{"type":"title","settings":{"heading_tag":"h3"}},"794b765f-17b0-469a-9c65-9bd908407072":{"type":"price","settings":{"show_taxes_notice":true}},"description":{"type":"description","settings":{"collapse_content":true,"show_below_gallery":false}},"07112acf-654c-4d96-a118-f87afe2d3bc4":{"type":"buy_buttons","settings":{"show_payment_button":true,"show_gift_card_recipient":false,"atc_button_background":"#42240b","atc_button_text_color":"#fdfaf4","payment_button_background":"","payment_button_text_color":""}},"be3067e0-d926-469c-a08d-3d9e377fcc7a":{"type":"product_variations","settings":{"option_name":"Variations","option_value_metafield":"","products":["whole-kolanut-1-stud-rose-gold","whole-kolanut-1-stud-in-sterling-silver","whole-kolanut-1-stud-in-yellow-vermeil"],"selector_style":"swatch"}}},"block_order":["16898624-6c7e-4cb6-b1f3-dc9b18f365d7","794b765f-17b0-469a-9c65-9bd908407072","description","07112acf-654c-4d96-a118-f87afe2d3bc4","be3067e0-d926-469c-a08d-3d9e377fcc7a"],"settings":{"color_scheme":"scheme-1","container_size":"full","product_info_size":35,"show_sticky_add_to_cart":true,"center_basic_info":false,"desktop_media_layout":"carousel_thumbnails_left","desktop_media_grid_gap":30,"mobile_controls":"dots","enable_media_autoplay":false,"enable_video_looping":true,"enable_image_zoom":true,"max_image_zoom_level":3}}},"order":["f3e5fb4d-ae92-4b47-8884-773be735bf89","recently-viewed-products","7a2724e2-dedf-492a-b1f0-3fcfc6523f35","main"]}