{"sections":{"main":{"type":"main-product","blocks":{"text_b8Fr8a":{"type":"text","settings":{"text":"<p>{{ product.metafields.custom.principles.value }}<\/p>"}},"title_PPYNYQ":{"type":"title","settings":{"heading_tag":"h3"}},"text_a8CTzw":{"type":"text","settings":{"text":"<p>{{ product.metafields.custom.product_material.value }}<\/p>"}},"text_nAMKnW":{"type":"text","settings":{"text":"<p>{{ product.metafields.custom.made_to_order.value }}<\/p>"}},"price_7DCT8p":{"type":"price","settings":{"show_taxes_notice":false}},"product_variations_AqYzpV":{"type":"product_variations","settings":{"option_name":"VARIATIONS","option_value_metafield":"","products":"{{ product.metafields.custom.variations.value }}","selector_style":"variant_image"}},"buy_buttons_icX7H9":{"type":"buy_buttons","settings":{"show_payment_button":false,"show_gift_card_recipient":false,"atc_button_background":"#feecb8","atc_button_text_color":"","payment_button_background":"","payment_button_text_color":""}}},"block_order":["text_b8Fr8a","title_PPYNYQ","text_a8CTzw","text_nAMKnW","price_7DCT8p","product_variations_AqYzpV","buy_buttons_icX7H9"],"settings":{"color_scheme":"","container_size":"lg","product_info_size":40,"show_sticky_add_to_cart":true,"center_basic_info":false,"desktop_media_layout":"carousel_dots","desktop_media_grid_gap":30,"mobile_controls":"dots","enable_media_autoplay":false,"enable_video_looping":true,"enable_image_zoom":true,"max_image_zoom_level":3}},"rich_text_B4nwB3":{"type":"rich-text","blocks":{"richtext_7fWWgP":{"type":"richtext","settings":{"content":"<p>{{ product.metafields.custom.product_description | metafield_tag }}<\/p>"}}},"block_order":["richtext_7fWWgP"],"settings":{"color_scheme":"","separate_section_with_border":false,"content_width":"sm","text_position":"center","remove_vertical_spacing":true}},"tabs_yjwVz8":{"type":"tabs","blocks":{"tab_wKPqHW":{"type":"tab","settings":{"title":"Details & Fit","content":"<p>Collection: Ala Igbo<\/p><p> -------------------------------<\/p><p>Crafted in: {{ product.metafields.custom.product_material.value }}<br\/>Measurements: {{ product.metafields.custom.jewellery_dimensions.value }}mm<br\/>Stone: {{ product.metafields.custom.stone_quantity_and_type.value }}<br\/>Carats: {{ product.metafields.custom.carat.value }}<br\/>Enamel: {{ product.metafields.custom.product_color.value }}<br\/>Closure: {{ product.metafields.custom.jewellery_closure.value }}<\/p><p> -------------------------------<\/p><p>{{ product.metafields.custom.made_to_order_in_depth | metafield_tag }}<\/p><p>Item code: {{ product.metafields.custom.sku.value }}<br\/>Available in: {{ product.metafields.custom.available_in | metafield_tag }}<\/p>","page":"","open_on_mobile":false}},"tab_inqUGa":{"type":"tab","settings":{"title":"Traceability","content":"<p>Better traceability lies at the core of our endeavour to improve our materials as well as social and environmental practices and standards.<\/p><p>Design: {{ product.metafields.custom.designed_in.value }}<br\/>Crafting:<\/p>","page":"","open_on_mobile":false}},"tab_mNkNze":{"type":"tab","settings":{"title":"Product Care","content":"<p>{{ product.metafields.custom.jewellery_product_care | metafield_tag }}<\/p><p>For more information, please visit our <a href=\"https:\/\/www.odoba.co\/pages\/care-instructions\" title=\"https:\/\/www.odoba.co\/pages\/care-instructions\">Jewellery Care<\/a> page.<\/p>","page":"","open_on_mobile":false}},"tab_gWjmVk":{"type":"tab","settings":{"title":"Warranty","content":"<p>Under our warranty, we’ve got your back. This means that for 2 years from the date of purchase, we’ll take care of your product if any damage to the material or the workmanship of the jewelry occurs. Just contact us and we’ll work together to find a resolution. We work with top manufacturers to create handcrafted, responsibly sourced pieces that are made to last. We’re confident in the quality of our product hence the 2-year coverage. This also means that the warranty does not cover lost items, scratches that come with normal wear and tear (like a bent ring or broken chain), improper use or storage of your product, and any modification to your product done by a third party outside of Ọdọba. Note: Items purchased through a third-party vendor (outside of odoba.co and our listed stockist) will not be covered under Ọdọba’s warranty.<\/p>","page":"","open_on_mobile":false}}},"block_order":["tab_wKPqHW","tab_inqUGa","tab_mNkNze","tab_gWjmVk"],"settings":{"color_scheme":"","separate_section_with_border":false,"subheading":"","title":"","text_alignment":"center"}},"rich_text_XgrG49":{"type":"rich-text","blocks":{"richtext_Wncj8y":{"type":"richtext","settings":{"content":"<p>------------------------------------------------------------------------------------------------------<\/p>"}}},"block_order":["richtext_Wncj8y"],"settings":{"color_scheme":"","separate_section_with_border":false,"content_width":"sm","text_position":"center","remove_vertical_spacing":false}},"17124385654614d008":{"type":"apps","blocks":{"planet_shopify_planet_CE848M":{"type":"shopify:\/\/apps\/planet\/blocks\/shopify-planet\/12047591-3a2d-45cc-9dfd-2ce5eaa45dee","settings":{"badgeMode":"info","customText":"","showLogo":true,"showStats":false,"showProjects":true,"backgroundColor":"#fffbf3","textColor":"#44250b","borderColor":"#44250b","fullWidth":false,"marginTop":0,"marginBottom":0,"borderRadius":4}}},"block_order":["planet_shopify_planet_CE848M"],"settings":{"color_scheme":"","separate_section_with_border":false,"remove_vertical_spacing":true,"remove_horizontal_spacing":true}},"text_with_icons_RLWW74":{"type":"text-with-icons","blocks":{"item_YaAMK4":{"type":"item","settings":{"icon":"picto-box","icon_width":24,"mobile_icon_width":24,"title":"FSC CERTIFIED PACKAGING","content":""}},"item_NJYAKB":{"type":"item","settings":{"icon":"picto-delivery-truck","icon_width":24,"mobile_icon_width":24,"title":"FREE INSURED SHIPPING","content":""}},"item_HBLCAh":{"type":"item","settings":{"icon":"picto-return","icon_width":24,"mobile_icon_width":24,"title":"<a href=\"https:\/\/www.odoba.co\/policies\/refund-policy\" title=\"Refund Policy\">COMPLIMENTARY 30 DAY RETURN<\/a>","content":""}}},"block_order":["item_YaAMK4","item_NJYAKB","item_HBLCAh"],"settings":{"color_scheme":"","separate_section_with_border":false,"stack_on_mobile":false,"icon_color":"","text_color":"","text_alignment":"center"}},"multiple_media_with_text_tzpyUm":{"type":"multiple-media-with-text","blocks":{"image_fJFDFF":{"type":"image","settings":{"image":"shopify:\/\/shop_images\/Untitled_design_7.png","rotation":0}}},"block_order":["image_fJFDFF"],"settings":{"color_scheme":"scheme-3","reveal_on_scroll":false,"separate_section_with_border":false,"media_position_desktop":"before_text","media_position_mobile":"before_text","media_layout":"overlap","media_alignment":"center","media_alignment_offset":0,"media_mobile_alignment_offset":0,"text_alignment":"center","subheading":"","title":"The Kolanut","content":"<p>\"He who brings Kolanut brings life\" resonates as a testament to the profound significance of community and hospitality. Revered as a symbol of unity and prosperity, the Kolanut holds a sacred place in social gatherings and communal rites, embodying the warmth and generosity of communal bonds.<\/p><p>When a guest presents the Kolanut, it is not merely an offering of sustenance, but a heartfelt gesture of friendship and acceptance—an invitation to partake in the shared abundance of community. The ritual of breaking the Kolanut and distributing its pieces among guests serves as a poignant reminder of our interconnectedness and the power of collective unity.<\/p><p>As we welcome you into the embrace of Ọdọba, we offer you the Kolanut—a symbolic gesture of goodwill and kinship, a promise of hospitality and shared prosperity. May its presence symbolize the enduring bonds that unite us and the vibrant spirit of community that awaits your arrival.<\/p>","button_1_text":"","button_1_link":"","button_1_style":"solid","button_2_text":"","button_2_link":"","button_2_style":"solid"}},"related_products_cbmiPA":{"type":"related-products","settings":{"color_scheme":"","separate_section_with_border":false,"hide_product_information":false,"stack_products":false,"recommendations_count":10,"products_per_row_mobile":"2","products_per_row_desktop":4,"horizontal_spacing_factor":1,"vertical_spacing_factor":1,"subheading":"","title":"","content":"<h4>You May Also Like<\/h4>"}},"recently_viewed_products_NQYMeT":{"type":"recently-viewed-products","settings":{"separate_section_with_border":false,"color_scheme":"","hide_product_information":false,"stack_products":false,"products_count":9,"products_per_row_mobile":"2","products_per_row_desktop":4,"horizontal_spacing_factor":1,"vertical_spacing_factor":1,"subheading":"","title":"","content":"<h4>RECENTLY VIEWED<\/h4><p>Items you have recently viewed.<\/p>"}}},"order":["main","rich_text_B4nwB3","tabs_yjwVz8","rich_text_XgrG49","17124385654614d008","text_with_icons_RLWW74","multiple_media_with_text_tzpyUm","related_products_cbmiPA","recently_viewed_products_NQYMeT"]}