{"type":"footer","name":"Footer group","sections":{"8372e06e-fcc5-4182-84cd-911e91c2b65a":{"type":"logo-list","blocks":{"sections--16449594982559__8372e06e-fcc5-4182-84cd-911e91c2b65a-logo-4":{"type":"logo","settings":{"logo":"shopify:\/\/shop_images\/Odoba_Loader_da0f87f4-00b0-44e4-938a-c830c1842447.gif","logo_width":250,"link":""}},"logo_P8pkGf":{"type":"logo","disabled":true,"settings":{"logo":"shopify:\/\/shop_images\/Odoba_Logo_-_Lion_1_-_Brown.svg","logo_width":120,"link":""}}},"block_order":["sections--16449594982559__8372e06e-fcc5-4182-84cd-911e91c2b65a-logo-4","logo_P8pkGf"],"settings":{"color_scheme":"scheme-1","separate_section_with_border":false,"subheading":"","title":"","items_per_row":3,"logo_item_background":"","logo_item_border":""}},"footer":{"type":"footer","blocks":{"image_FrHgMU":{"type":"image","disabled":true,"settings":{"image":"shopify:\/\/shop_images\/Odoba_Logo1_4.png","image_width":150,"link":""}},"footer-1":{"type":"links","settings":{"menu":"footer-2023","show_menu_title":true,"menu_title":""}},"e0f660da-7d9d-4a7c-95ea-ea5f298d3ec3":{"type":"links","settings":{"menu":"company","show_menu_title":true,"menu_title":""}},"links_eJdGxz":{"type":"links","settings":{"menu":"footer","show_menu_title":true,"menu_title":""}},"links_6KFYmm":{"type":"links","settings":{"menu":"get-in-touch","show_menu_title":true,"menu_title":""}},"footer-2":{"type":"newsletter","settings":{"title":"Subscribe","content":"","button_background":"#feecb8","button_text_color":"#44250b"}}},"block_order":["image_FrHgMU","footer-1","e0f660da-7d9d-4a7c-95ea-ea5f298d3ec3","links_eJdGxz","links_6KFYmm","footer-2"],"settings":{"color_scheme":"scheme-1","separate_section_with_border":false,"show_social_media":false,"show_payment_icons":false,"show_country_selector":false,"show_country_name":false,"show_country_flag":false,"show_locale_selector":false}},"4b949a1b-0f4c-4c17-8e1c-068128ae58fc":{"type":"logo-list","blocks":{"sections--16449594982559__4b949a1b-0f4c-4c17-8e1c-068128ae58fc-logo-2":{"type":"logo","settings":{"logo":"shopify:\/\/shop_images\/Odoba_-_Logotype_-_Brown-01_698d1430-ca95-47c0-aa65-cb66258af425.svg","logo_width":250,"link":""}}},"block_order":["sections--16449594982559__4b949a1b-0f4c-4c17-8e1c-068128ae58fc-logo-2"],"settings":{"color_scheme":"","separate_section_with_border":false,"subheading":"","title":"","items_per_row":3,"logo_item_background":"","logo_item_border":""}}},"order":["8372e06e-fcc5-4182-84cd-911e91c2b65a","footer","4b949a1b-0f4c-4c17-8e1c-068128ae58fc"]}