{"type":"header","name":"Header group","sections":{"announcement-bar":{"type":"announcement-bar","blocks":{"message-1":{"type":"message","settings":{"text":"ETHICALLY MADE TO ENCOURAGE PROSPERITY AND NOBILITY"}}},"block_order":["message-1"],"settings":{"color_scheme":"scheme-3","enable_sticky":false,"autoplay":true,"cycle_speed":5,"desktop_font_size":11,"mobile_font_size":10}},"header":{"type":"header","blocks":{"673d1ca4-6d23-4713-9f36-aa8a18d1bdcd":{"type":"mega_menu","settings":{"menu_item":"jewellery","images_position":"right","image_1":"shopify:\/\/shop_images\/after-lion.jpg","image_1_heading":"","image_1_text":"","image_1_link":"","image_2_heading":"","image_2_text":"","image_2_link":""}},"272ce675-9d83-41a9-863e-0832b7e51480":{"type":"mega_menu","settings":{"menu_item":"handbags","images_position":"right","image_1":"shopify:\/\/shop_images\/Untitled_2000_x_2100_px.svg","image_1_heading":"","image_1_text":"","image_1_link":"","image_2_heading":"","image_2_text":"","image_2_link":""}},"mega_menu_9t9bW6":{"type":"mega_menu","settings":{"menu_item":"Sustainability & Care","images_position":"right","image_1":"shopify:\/\/shop_images\/Untitled_488_x_650_px_1.png","image_1_heading":"","image_1_text":"","image_1_link":"","image_2_heading":"","image_2_text":"","image_2_link":""}}},"block_order":["673d1ca4-6d23-4713-9f36-aa8a18d1bdcd","272ce675-9d83-41a9-863e-0832b7e51480","mega_menu_9t9bW6"],"settings":{"color_scheme":"scheme-83a87ca6-727b-4e27-b84e-789b7e57b35b","enable_sticky":true,"hide_on_scroll":false,"show_separation_border":false,"reduce_padding":true,"logo":"shopify:\/\/shop_images\/Odoba---Logotype---Brown-01.png","logo_max_width":100,"logo_mobile_max_width":80,"menu":"only-handbags-menu","sidebar_menu":"only-handbags-menu","menu_open_trigger":"hover","menu_text_font":"heading","enable_search":true,"sidebar_color_scheme":"scheme-83a87ca6-727b-4e27-b84e-789b7e57b35b","sidebar_text_font":"heading","sidebar_show_dividers":true,"sidebar_open_second_level_menus":false,"layout":"logo_left_navigation_inline","show_icons":true,"show_country_selector":false,"show_country_name":false,"show_country_flag":false,"show_locale_selector":false,"transparent_header_text_color":"#fdfaf4","transparent_logo":"shopify:\/\/shop_images\/Odoba---Logotype---Cream.png"}}},"order":["announcement-bar","header"]}