{"type":"custom.overlay","name":"Overlay group","sections":{"cart-drawer":{"type":"cart-drawer","settings":{"color_scheme":"scheme-1","show_cart_note":false,"show_shipping_text":true,"show_view_cart_button":true,"show_checkout_button":true,"show_price_in_checkout_button":true,"cross_sell_products":[],"cross_sell_title":"","cross_sell_stack_products":false}},"newsletter-popup":{"type":"newsletter-popup","settings":{"color_scheme":"scheme-a148d179-9d90-4566-86fe-0c008217e3a0","apparition_delay":5,"show_only_on_index":true,"hide_for_account_holders":true,"show_only_once":true,"title":"Signup for our newsletter","content":"Get bi-monthly updates on all things Odoba","button_text":"Subscribe"}},"privacy-banner":{"type":"privacy-banner","disabled":true,"settings":{"color_scheme":"scheme-a148d179-9d90-4566-86fe-0c008217e3a0","title":"Cookie policy","content":"<p>We use cookies and similar technologies to provide the best experience on our website. Refer to our Privacy Policy for more information.<\/p>"}}},"order":["cart-drawer","newsletter-popup","privacy-banner"]}